TeamID,TeamName,sentiment_score,Year,SentimentScore
1610612737,Hawks,0.120719439,2022,0.120719439
1610612738,Celtics,0.11133882,2022,0.11133882
1610612751,Nets,0.118696741,2022,0.118696741
1610612766,Hornets,0.095257112,2022,0.095257112
1610612741,Bulls,0.138307365,2022,0.138307365
1610612739,Cavaliers,0.132559084,2022,0.132559084
1610612742,Mavericks,0.110765338,2022,0.110765338
1610612743,Nuggets,0.134523139,2022,0.134523139
1610612765,Pistons,0.12672801,2022,0.12672801
1610612744,Warriors,0.133894222,2022,0.133894222
1610612745,Rockets,0.121003896,2022,0.121003896
1610612754,Pacers,0.118084276,2022,0.118084276
1610612746,Clippers,0.131819176,2022,0.131819176
1610612747,Lakers,0.103879205,2022,0.103879205
1610612763,Grizzlies,0.129082924,2022,0.129082924
1610612748,Heat,0.1226362,2022,0.1226362
1610612749,Bucks,0.133458786,2022,0.133458786
1610612750,Timberwolves,0.115397383,2022,0.115397383
1610612740,Pelicans,0.137475053,2022,0.137475053
1610612752,Knicks,0.114794603,2022,0.114794603
1610612760,Thunder,0.120268968,2022,0.120268968
1610612753,Magic,0.277337503,2022,0.277337503
1610612755,76ers,0.108117716,2022,0.108117716
1610612756,Suns,0.107370384,2022,0.107370384
1610612757,Trail Blazers,0.120881587,2022,0.120881587
1610612758,Kings,0.108088755,2022,0.108088755
1610612759,Spurs,0.134741961,2022,0.134741961
1610612761,Raptors,0.129869734,2022,0.129869734
1610612762,Jazz,0.12064012,2022,0.12064012
1610612764,Wizards,0.106255411,2022,0.106255411
1610612737,Hawks,0.129099623,2021,0.129099623
1610612738,Celtics,0.118359927,2021,0.118359927
1610612751,Nets,0.13123031,2021,0.13123031
1610612766,Hornets,0.122613199,2021,0.122613199
1610612741,Bulls,0.139582163,2021,0.139582163
1610612739,Cavaliers,0.126588297,2021,0.126588297
1610612742,Mavericks,0.120921271,2021,0.120921271
1610612743,Nuggets,0.135855953,2021,0.135855953
1610612765,Pistons,0.109381009,2021,0.109381009
1610612744,Warriors,0.136870615,2021,0.136870615
1610612745,Rockets,0.119333499,2021,0.119333499
1610612754,Pacers,0.118531482,2021,0.118531482
1610612746,Clippers,0.116918479,2021,0.116918479
1610612747,Lakers,0.131488523,2021,0.131488523
1610612763,Grizzlies,0.130668878,2021,0.130668878
1610612748,Heat,0.126423833,2021,0.126423833
1610612749,Bucks,0.125658251,2021,0.125658251
1610612750,Timberwolves,0.104682126,2021,0.104682126
1610612740,Pelicans,0.110286636,2021,0.110286636
1610612752,Knicks,0.124174491,2021,0.124174491
1610612760,Thunder,0.113103806,2021,0.113103806
1610612753,Magic,0.124486069,2021,0.124486069
1610612755,76ers,0.093468301,2021,0.093468301
1610612756,Suns,0.133175365,2021,0.133175365
1610612757,Trail Blazers,0.117714951,2021,0.117714951
1610612758,Kings,0.106520557,2021,0.106520557
1610612759,Spurs,0.127403358,2021,0.127403358
1610612761,Raptors,0.122824116,2021,0.122824116
1610612762,Jazz,0.122093322,2021,0.122093322
1610612764,Wizards,0.11522013,2021,0.11522013
1610612737,Hawks,0.130400923,2020,0.130400923
1610612738,Celtics,0.122250281,2020,0.122250281
1610612751,Nets,0.128244783,2020,0.128244783
1610612766,Hornets,0.118328878,2020,0.118328878
1610612741,Bulls,0.144219522,2020,0.144219522
1610612739,Cavaliers,0.133248618,2020,0.133248618
1610612742,Mavericks,0.128914809,2020,0.128914809
1610612743,Nuggets,0.132758022,2020,0.132758022
1610612765,Pistons,0.115386816,2020,0.115386816
1610612744,Warriors,0.139509341,2020,0.139509341
1610612745,Rockets,0.122523135,2020,0.122523135
1610612754,Pacers,0.133178616,2020,0.133178616
1610612746,Clippers,0.101837968,2020,0.101837968
1610612747,Lakers,0.128261826,2020,0.128261826
1610612763,Grizzlies,0.120459037,2020,0.120459037
1610612748,Heat,0.132956056,2020,0.132956056
1610612749,Bucks,0.124944113,2020,0.124944113
1610612750,Timberwolves,0.112111784,2020,0.112111784
1610612740,Pelicans,0.12401362,2020,0.12401362
1610612752,Knicks,0.115276572,2020,0.115276572
1610612760,Thunder,0.119317124,2020,0.119317124
1610612753,Magic,0.135531291,2020,0.135531291
1610612755,76ers,0.12153398,2020,0.12153398
1610612756,Suns,0.133338652,2020,0.133338652
1610612757,Trail Blazers,0.134128616,2020,0.134128616
1610612758,Kings,0.111049154,2020,0.111049154
1610612759,Spurs,0.133308032,2020,0.133308032
1610612761,Raptors,0.121333751,2020,0.121333751
1610612762,Jazz,0.132920313,2020,0.132920313
1610612764,Wizards,0.121986759,2020,0.121986759
1610612737,Hawks,0.11979122,2019,0.11979122
1610612738,Celtics,0.122540421,2019,0.122540421
1610612751,Nets,0.114162058,2019,0.114162058
1610612766,Hornets,0.083933645,2019,0.083933645
1610612741,Bulls,0.144795928,2019,0.144795928
1610612739,Cavaliers,0.126837652,2019,0.126837652
1610612742,Mavericks,0.125404528,2019,0.125404528
1610612743,Nuggets,0.133953526,2019,0.133953526
1610612765,Pistons,0.119124174,2019,0.119124174
1610612744,Warriors,0.131284531,2019,0.131284531
1610612745,Rockets,0.116139392,2019,0.116139392
1610612754,Pacers,0.12916216,2019,0.12916216
1610612746,Clippers,0.120055696,2019,0.120055696
1610612747,Lakers,0.118455221,2019,0.118455221
1610612763,Grizzlies,0.117464418,2019,0.117464418
1610612748,Heat,0.122460113,2019,0.122460113
1610612749,Bucks,0.126387141,2019,0.126387141
1610612750,Timberwolves,0.103140283,2019,0.103140283
1610612740,Pelicans,0.124984547,2019,0.124984547
1610612752,Knicks,0.102086155,2019,0.102086155
1610612760,Thunder,0.108839287,2019,0.108839287
1610612753,Magic,0.139563749,2019,0.139563749
1610612755,76ers,0.11408841,2019,0.11408841
1610612756,Suns,0.110220252,2019,0.110220252
1610612757,Trail Blazers,0.124802572,2019,0.124802572
1610612758,Kings,0.118915166,2019,0.118915166
1610612759,Spurs,0.125551688,2019,0.125551688
1610612761,Raptors,0.127892934,2019,0.127892934
1610612762,Jazz,0.133209382,2019,0.133209382
1610612764,Wizards,0.099235893,2019,0.099235893
1610612737,Hawks,0.108157218,2018,0.108157218
1610612738,Celtics,0.130781816,2018,0.130781816
1610612751,Nets,0.112025062,2018,0.112025062
1610612766,Hornets,0.097332315,2018,0.097332315
1610612741,Bulls,0.130342088,2018,0.130342088
1610612739,Cavaliers,0.127815126,2018,0.127815126
1610612742,Mavericks,0.11700457,2018,0.11700457
1610612743,Nuggets,0.127079744,2018,0.127079744
1610612765,Pistons,0.109254979,2018,0.109254979
1610612744,Warriors,0.12523103,2018,0.12523103
1610612745,Rockets,0.124324394,2018,0.124324394
1610612754,Pacers,0.134126201,2018,0.134126201
1610612746,Clippers,0.118175673,2018,0.118175673
1610612747,Lakers,0.120586525,2018,0.120586525
1610612763,Grizzlies,0.114027606,2018,0.114027606
1610612748,Heat,0.113279241,2018,0.113279241
1610612749,Bucks,0.120847068,2018,0.120847068
1610612750,Timberwolves,0.102559668,2018,0.102559668
1610612740,Pelicans,0.12759605,2018,0.12759605
1610612752,Knicks,0.112563964,2018,0.112563964
1610612760,Thunder,0.116734294,2018,0.116734294
1610612753,Magic,0.169431996,2018,0.169431996
1610612755,76ers,0.117113391,2018,0.117113391
1610612756,Suns,0.115296367,2018,0.115296367
1610612757,Trail Blazers,0.111432127,2018,0.111432127
1610612758,Kings,0.093347391,2018,0.093347391
1610612759,Spurs,0.120222134,2018,0.120222134
1610612761,Raptors,0.126553703,2018,0.126553703
1610612762,Jazz,0.132168939,2018,0.132168939
1610612764,Wizards,0.12421778,2018,0.12421778
1610612737,Hawks,0.104656511,2017,0.104656511
1610612738,Celtics,0.115632522,2017,0.115632522
1610612751,Nets,0.108630291,2017,0.108630291
1610612766,Hornets,0.106412941,2017,0.106412941
1610612741,Bulls,0.106085959,2017,0.106085959
1610612739,Cavaliers,0.121636536,2017,0.121636536
1610612742,Mavericks,0.124193969,2017,0.124193969
1610612743,Nuggets,0.123035464,2017,0.123035464
1610612765,Pistons,0.111324529,2017,0.111324529
1610612744,Warriors,0.129495624,2017,0.129495624
1610612745,Rockets,0.111517954,2017,0.111517954
1610612754,Pacers,0.10900959,2017,0.10900959
1610612746,Clippers,0.107150307,2017,0.107150307
1610612747,Lakers,0.119323299,2017,0.119323299
1610612763,Grizzlies,0.121307255,2017,0.121307255
1610612748,Heat,0.120628572,2017,0.120628572
1610612749,Bucks,0.118167911,2017,0.118167911
1610612750,Timberwolves,0.11373586,2017,0.11373586
1610612740,Pelicans,0.112906914,2017,0.112906914
1610612752,Knicks,0.109941353,2017,0.109941353
1610612760,Thunder,0.111643698,2017,0.111643698
1610612753,Magic,0.13411144,2017,0.13411144
1610612755,76ers,0.115124765,2017,0.115124765
1610612756,Suns,0.11194829,2017,0.11194829
1610612757,Trail Blazers,0.113866299,2017,0.113866299
1610612758,Kings,0.109983732,2017,0.109983732
1610612759,Spurs,0.128171043,2017,0.128171043
1610612761,Raptors,0.109889918,2017,0.109889918
1610612762,Jazz,0.122603342,2017,0.122603342
1610612764,Wizards,0.11331259,2017,0.11331259
1610612737,Hawks,0.124377183,2016,0.124377183
1610612738,Celtics,0.126611588,2016,0.126611588
1610612751,Nets,0.100217172,2016,0.100217172
1610612766,Hornets,0.118241136,2016,0.118241136
1610612741,Bulls,0.126217193,2016,0.126217193
1610612739,Cavaliers,0.12049141,2016,0.12049141
1610612742,Mavericks,0.105916973,2016,0.105916973
1610612743,Nuggets,0.124100701,2016,0.124100701
1610612765,Pistons,0.118913011,2016,0.118913011
1610612744,Warriors,0.103226427,2016,0.103226427
1610612745,Rockets,0.106027477,2016,0.106027477
1610612754,Pacers,0.133226909,2016,0.133226909
1610612746,Clippers,0.108067875,2016,0.108067875
1610612747,Lakers,0.116409944,2016,0.116409944
1610612763,Grizzlies,0.108688643,2016,0.108688643
1610612748,Heat,0.11314764,2016,0.11314764
1610612749,Bucks,0.108469307,2016,0.108469307
1610612750,Timberwolves,0.124391225,2016,0.124391225
1610612740,Pelicans,0.115921113,2016,0.115921113
1610612752,Knicks,0.133426727,2016,0.133426727
1610612760,Thunder,0.115874831,2016,0.115874831
1610612753,Magic,0.127897805,2016,0.127897805
1610612755,76ers,0.106320239,2016,0.106320239
1610612756,Suns,0.112660312,2016,0.112660312
1610612757,Trail Blazers,0.124376639,2016,0.124376639
1610612758,Kings,0.092388299,2016,0.092388299
1610612759,Spurs,0.133925329,2016,0.133925329
1610612761,Raptors,0.120688596,2016,0.120688596
1610612762,Jazz,0.1372442,2016,0.1372442
1610612764,Wizards,0.102256687,2016,0.102256687
1610612737,Hawks,0.125020273,2015,0.125020273
1610612738,Celtics,0.119385887,2015,0.119385887
1610612751,Nets,0.093301551,2015,0.093301551
1610612766,Hornets,0.115758191,2015,0.115758191
1610612741,Bulls,0.135056527,2015,0.135056527
1610612739,Cavaliers,0.130995245,2015,0.130995245
1610612742,Mavericks,0.10041554,2015,0.10041554
1610612743,Nuggets,0.115034946,2015,0.115034946
1610612765,Pistons,0.120132693,2015,0.120132693
1610612744,Warriors,0.12465008,2015,0.12465008
1610612745,Rockets,0.113984779,2015,0.113984779
1610612754,Pacers,0.127213766,2015,0.127213766
1610612746,Clippers,0.097543893,2015,0.097543893
1610612747,Lakers,0.116807899,2015,0.116807899
1610612763,Grizzlies,0.130128941,2015,0.130128941
1610612748,Heat,0.121972017,2015,0.121972017
1610612749,Bucks,0.118235887,2015,0.118235887
1610612750,Timberwolves,0.126719763,2015,0.126719763
1610612740,Pelicans,0.118849331,2015,0.118849331
1610612752,Knicks,0.114337497,2015,0.114337497
1610612760,Thunder,0.126582619,2015,0.126582619
1610612753,Magic,0.152486132,2015,0.152486132
1610612755,76ers,0.103945108,2015,0.103945108
1610612756,Suns,0.104548962,2015,0.104548962
1610612757,Trail Blazers,0.108392557,2015,0.108392557
1610612758,Kings,0.104131299,2015,0.104131299
1610612759,Spurs,0.119462168,2015,0.119462168
1610612761,Raptors,0.100180292,2015,0.100180292
1610612762,Jazz,0.124566578,2015,0.124566578
1610612764,Wizards,0.123003262,2015,0.123003262
1610612737,Hawks,0.117954992,2014,0.117954992
1610612738,Celtics,0.10743942,2014,0.10743942
1610612751,Nets,0.108590586,2014,0.108590586
1610612766,Hornets,0.085121456,2014,0.085121456
1610612741,Bulls,0.144092531,2014,0.144092531
1610612739,Cavaliers,0.119775031,2014,0.119775031
1610612742,Mavericks,0.123996901,2014,0.123996901
1610612743,Nuggets,0.126820315,2014,0.126820315
1610612765,Pistons,0.112786972,2014,0.112786972
1610612744,Warriors,0.131227683,2014,0.131227683
1610612745,Rockets,0.095969505,2014,0.095969505
1610612754,Pacers,0.107914887,2014,0.107914887
1610612746,Clippers,0.106064708,2014,0.106064708
1610612747,Lakers,0.106072883,2014,0.106072883
1610612763,Grizzlies,0.117106224,2014,0.117106224
1610612748,Heat,0.109230943,2014,0.109230943
1610612749,Bucks,0.109615381,2014,0.109615381
1610612750,Timberwolves,0.133972853,2014,0.133972853
1610612740,Pelicans,0.117761972,2014,0.117761972
1610612752,Knicks,0.109369291,2014,0.109369291
1610612760,Thunder,0.119062472,2014,0.119062472
1610612753,Magic,0.124454694,2014,0.124454694
1610612755,76ers,0.101664866,2014,0.101664866
1610612756,Suns,0.1108478,2014,0.1108478
1610612757,Trail Blazers,0.113753503,2014,0.113753503
1610612758,Kings,0.108499622,2014,0.108499622
1610612759,Spurs,0.133555609,2014,0.133555609
1610612761,Raptors,0.116071074,2014,0.116071074
1610612762,Jazz,0.109049622,2014,0.109049622
1610612764,Wizards,0.130530328,2014,0.130530328
1610612737,Hawks,0.11050764,2013,0.11050764
1610612738,Celtics,0.098567098,2013,0.098567098
1610612751,Nets,0.10905065,2013,0.10905065
1610612766,Hornets,0.093161114,2013,0.093161114
1610612741,Bulls,0.142605863,2013,0.142605863
1610612739,Cavaliers,0.129341523,2013,0.129341523
1610612742,Mavericks,0.119979243,2013,0.119979243
1610612743,Nuggets,0.11272365,2013,0.11272365
1610612765,Pistons,0.123573996,2013,0.123573996
1610612744,Warriors,0.116747509,2013,0.116747509
1610612745,Rockets,0.117849512,2013,0.117849512
1610612754,Pacers,0.131173761,2013,0.131173761
1610612746,Clippers,0.108551021,2013,0.108551021
1610612747,Lakers,0.096090562,2013,0.096090562
1610612763,Grizzlies,0.112512552,2013,0.112512552
1610612748,Heat,0.11582164,2013,0.11582164
1610612749,Bucks,0.099337464,2013,0.099337464
1610612750,Timberwolves,0.119378391,2013,0.119378391
1610612740,Pelicans,0.130086213,2013,0.130086213
1610612752,Knicks,0.10675604,2013,0.10675604
1610612760,Thunder,0.11805706,2013,0.11805706
1610612753,Magic,0.131946187,2013,0.131946187
1610612755,76ers,0.090806009,2013,0.090806009
1610612756,Suns,0.097493176,2013,0.097493176
1610612757,Trail Blazers,0.106269087,2013,0.106269087
1610612758,Kings,0.087691455,2013,0.087691455
1610612759,Spurs,0.115316569,2013,0.115316569
1610612761,Raptors,0.11345402,2013,0.11345402
1610612762,Jazz,0.112946825,2013,0.112946825
1610612764,Wizards,0.121854692,2013,0.121854692
1610612737,Hawks,0.108748988,2012,0.108748988
1610612738,Celtics,0.120915447,2012,0.120915447
1610612751,Nets,0.108221168,2012,0.108221168
1610612766,Hornets,0.08965457,2012,0.08965457
1610612741,Bulls,0.143518552,2012,0.143518552
1610612739,Cavaliers,0.112266088,2012,0.112266088
1610612742,Mavericks,0.10807235,2012,0.10807235
1610612743,Nuggets,0.14406028,2012,0.14406028
1610612765,Pistons,0.105074961,2012,0.105074961
1610612744,Warriors,0.118542885,2012,0.118542885
1610612745,Rockets,0.103221807,2012,0.103221807
1610612754,Pacers,0.116047013,2012,0.116047013
1610612746,Clippers,0.119592269,2012,0.119592269
1610612747,Lakers,0.111319027,2012,0.111319027
1610612763,Grizzlies,0.111016197,2012,0.111016197
1610612748,Heat,0.104087955,2012,0.104087955
1610612749,Bucks,0.096881127,2012,0.096881127
1610612750,Timberwolves,0.121498816,2012,0.121498816
1610612740,Pelicans,0.118996098,2012,0.118996098
1610612752,Knicks,0.102057333,2012,0.102057333
1610612760,Thunder,0.109182554,2012,0.109182554
1610612753,Magic,0.097411253,2012,0.097411253
1610612755,76ers,0.131899884,2012,0.131899884
1610612756,Suns,0.108660999,2012,0.108660999
1610612757,Trail Blazers,0.096911983,2012,0.096911983
1610612758,Kings,0.092600636,2012,0.092600636
1610612759,Spurs,0.123310508,2012,0.123310508
1610612761,Raptors,0.111219016,2012,0.111219016
1610612762,Jazz,0.106060486,2012,0.106060486
1610612764,Wizards,0.089336928,2012,0.089336928
1610612737,Hawks,0.120077638,2011,0.120077638
1610612738,Celtics,0.113693829,2011,0.113693829
1610612751,Nets,0.135811627,2011,0.135811627
1610612766,Hornets,0.087355158,2011,0.087355158
1610612741,Bulls,0.148084423,2011,0.148084423
1610612739,Cavaliers,0.11245619,2011,0.11245619
1610612742,Mavericks,0.118240603,2011,0.118240603
1610612743,Nuggets,0.129850605,2011,0.129850605
1610612765,Pistons,0.123241197,2011,0.123241197
1610612744,Warriors,0.103805685,2011,0.103805685
1610612745,Rockets,0.105984869,2011,0.105984869
1610612754,Pacers,0.14274967,2011,0.14274967
1610612746,Clippers,0.12254429,2011,0.12254429
1610612747,Lakers,0.109572856,2011,0.109572856
1610612763,Grizzlies,0.141713606,2011,0.141713606
1610612748,Heat,0.115354959,2011,0.115354959
1610612749,Bucks,0.107389113,2011,0.107389113
1610612750,Timberwolves,0.146238869,2011,0.146238869
1610612740,Pelicans,0.122026912,2011,0.122026912
1610612752,Knicks,0.114920753,2011,0.114920753
1610612760,Thunder,0.147988716,2011,0.147988716
1610612753,Magic,0.144427991,2011,0.144427991
1610612755,76ers,0.151757116,2011,0.151757116
1610612756,Suns,0.080977486,2011,0.080977486
1610612757,Trail Blazers,0.106689718,2011,0.106689718
1610612758,Kings,0.114553935,2011,0.114553935
1610612759,Spurs,0.113887942,2011,0.113887942
1610612761,Raptors,0.105241233,2011,0.105241233
1610612762,Jazz,0.122427003,2011,0.122427003
1610612764,Wizards,0.104333319,2011,0.104333319
1610612737,Hawks,0.071079722,2010,0.071079722
1610612738,Celtics,0.098052902,2010,0.098052902
1610612751,Nets,0.090667113,2010,0.090667113
1610612766,Hornets,0.079926318,2010,0.079926318
1610612741,Bulls,0.080935536,2010,0.080935536
1610612739,Cavaliers,0.109137618,2010,0.109137618
1610612742,Mavericks,0.102523896,2010,0.102523896
1610612743,Nuggets,-0.023599064,2010,-0.023599064
1610612765,Pistons,0.108947797,2010,0.108947797
1610612744,Warriors,0.088949151,2010,0.088949151
1610612745,Rockets,0.070733541,2010,0.070733541
1610612754,Pacers,0.037389027,2010,0.037389027
1610612746,Clippers,0.089609536,2010,0.089609536
1610612747,Lakers,0.096740678,2010,0.096740678
1610612763,Grizzlies,0.060535424,2010,0.060535424
1610612748,Heat,0.087562685,2010,0.087562685
1610612749,Bucks,0.091320244,2010,0.091320244
1610612750,Timberwolves,0.122218434,2010,0.122218434
1610612740,Pelicans,0.042461483,2010,0.042461483
1610612752,Knicks,0.089584048,2010,0.089584048
1610612760,Thunder,0.08156009,2010,0.08156009
1610612753,Magic,0.195209969,2010,0.195209969
1610612755,76ers,0.13996048,2010,0.13996048
1610612756,Suns,0.057271616,2010,0.057271616
1610612757,Trail Blazers,0.126085674,2010,0.126085674
1610612758,Kings,0.093916667,2010,0.093916667
1610612759,Spurs,0.100532977,2010,0.100532977
1610612761,Raptors,0.076121846,2010,0.076121846
1610612762,Jazz,0.142844596,2010,0.142844596
1610612764,Wizards,0.09211553,2010,0.09211553
1610612737,Hawks,0.063982641,2009,0.063982641
1610612738,Celtics,0.066737324,2009,0.066737324
1610612751,Nets,0.080651629,2009,0.080651629
1610612766,Hornets,0.133422297,2009,0.133422297
1610612741,Bulls,0.056517208,2009,0.056517208
1610612739,Cavaliers,0.141606968,2009,0.141606968
1610612742,Mavericks,0.051247818,2009,0.051247818
1610612743,Nuggets,-0.009162104,2009,-0.009162104
1610612765,Pistons,0.057463487,2009,0.057463487
1610612744,Warriors,0.106072533,2009,0.106072533
1610612745,Rockets,0.063577022,2009,0.063577022
1610612754,Pacers,0.211856496,2009,0.211856496
1610612746,Clippers,0.095991611,2009,0.095991611
1610612747,Lakers,0.082954337,2009,0.082954337
1610612763,Grizzlies,0.058548117,2009,0.058548117
1610612748,Heat,0.083352626,2009,0.083352626
1610612749,Bucks,0.08467636,2009,0.08467636
1610612750,Timberwolves,0.206557765,2009,0.206557765
1610612740,Pelicans,0.038194797,2009,0.038194797
1610612752,Knicks,0.066613624,2009,0.066613624
1610612760,Thunder,0.090241156,2009,0.090241156
1610612753,Magic,0.195209969,2009,0.195209969
1610612755,76ers,-0.091154258,2009,-0.091154258
1610612756,Suns,0.093524322,2009,0.093524322
1610612757,Trail Blazers,0.09840501,2009,0.09840501
1610612758,Kings,0.09977618,2009,0.09977618
1610612759,Spurs,0.09720931,2009,0.09720931
1610612761,Raptors,0.04228258,2009,0.04228258
1610612762,Jazz,0.136592377,2009,0.136592377
1610612764,Wizards,0.090348578,2009,0.090348578
1610612737,Hawks,0.042542521,2008,0.042542521
1610612738,Celtics,0.112292211,2008,0.112292211
1610612751,Nets,0.103589707,2008,0.103589707
1610612766,Hornets,0.101869786,2008,0.101869786
1610612741,Bulls,0.069488995,2008,0.069488995
1610612739,Cavaliers,0.223679194,2008,0.223679194
1610612742,Mavericks,0.083396789,2008,0.083396789
1610612743,Nuggets,0.013385407,2008,0.013385407
1610612765,Pistons,0.070559426,2008,0.070559426
1610612744,Warriors,0.083721979,2008,0.083721979
1610612745,Rockets,0.065076271,2008,0.065076271
1610612754,Pacers,-0.324695767,2008,-0.324695767
1610612746,Clippers,0.068200278,2008,0.068200278
1610612747,Lakers,0.063051599,2008,0.063051599
1610612763,Grizzlies,0.036478944,2008,0.036478944
1610612748,Heat,0.078319876,2008,0.078319876
1610612749,Bucks,0.073857386,2008,0.073857386
1610612750,Timberwolves,0.118450377,2008,0.118450377
1610612740,Pelicans,0.08148331,2008,0.08148331
1610612752,Knicks,0.087416477,2008,0.087416477
1610612760,Thunder,-0.025,2008,-0.025
1610612753,Magic,0.195209969,2008,0.195209969
1610612755,76ers,0.155259188,2008,0.155259188
1610612756,Suns,0.107996504,2008,0.107996504
1610612757,Trail Blazers,0.039497829,2008,0.039497829
1610612758,Kings,0.086764501,2008,0.086764501
1610612759,Spurs,0.065090624,2008,0.065090624
1610612761,Raptors,0.039514206,2008,0.039514206
1610612762,Jazz,0.12194844,2008,0.12194844
1610612764,Wizards,0.077094741,2008,0.077094741
