,SeasonID,TeamID,Conference,PlayoffRankLag1,WinPCTLag1,DiffPointsPGLag1,PlayoffRankLag2,WinPCTLag2,DiffPointsPGLag2,PlayoffRankLag3,WinPCTLag3,DiffPointsPGLag3,PlayoffRankLag4,WinPCTLag4,DiffPointsPGLag4,isPlayoff,nyt_score,twitter_score,reddit_score
0,2008,1610612739,East,4.0,0.549,-0.4,2.0,0.61,3.8,3.0,0.61,2.2,9.0,0.512,0.8,1,0.038035714,0.024715909,0.141606968
1,2008,1610612747,West,1.0,0.695,7.3,7.0,0.512,-0.1,7.0,0.549,2.5,11.0,0.415,-3.0,1,0.235119048,0.070399113,0.082954337
2,2008,1610612743,West,8.0,0.61,3.7,6.0,0.549,1.6,4.0,0.537,0.2,7.0,0.598,2.0,1,0.098202652,-0.037116325,-0.009162104
3,2008,1610612738,East,1.0,0.805,10.3,15.0,0.293,-3.4,11.0,0.402,-1.5,4.0,0.549,0.9,1,-0.014583333,0.095420511,0.066737324
4,2008,1610612759,West,3.0,0.683,4.8,3.0,0.707,8.4,1.0,0.768,6.8,2.0,0.72,7.8,1,0.086666667,0.097474747,0.09720931
5,2008,1610612753,East,3.0,0.634,5.5,8.0,0.488,0.8,10.0,0.439,-1.1,10.0,0.439,-2.2,1,0.271442551,0.371182528,0.195209969
6,2008,1610612737,East,8.0,0.451,-1.8,13.0,0.366,-4.8,14.0,0.317,-4.8,15.0,0.159,-9.7,1,0.15,-0.084126984,0.063982641
7,2008,1610612757,West,10.0,0.5,-1.0,12.0,0.39,-4.3,15.0,0.256,-9.5,13.0,0.329,-4.0,1,0.5,-0.112587413,0.09840501
8,2008,1610612745,West,5.0,0.671,4.7,5.0,0.634,4.9,12.0,0.415,-1.6,5.0,0.622,4.0,1,-0.042207792,-0.108333333,0.063577022
9,2008,1610612748,East,15.0,0.183,-8.6,4.0,0.537,-0.9,2.0,0.634,3.9,1.0,0.72,6.5,1,0.266666667,0.042424242,0.083352626
10,2008,1610612755,East,7.0,0.488,0.4,10.0,0.427,-3.0,9.0,0.463,-2.0,7.0,0.524,-0.7,1,-0.12,0.073712121,-0.091154258
11,2008,1610612742,West,7.0,0.622,4.5,1.0,0.817,7.2,2.0,0.732,6.1,3.0,0.707,5.7,1,0.16,-0.017482517,0.051247818
12,2008,1610612741,East,11.0,0.402,-3.1,5.0,0.598,5.0,7.0,0.5,0.6,3.0,0.573,1.1,1,0.042424242,0.232767065,0.056517208
13,2008,1610612740,West,2.0,0.683,5.3,10.0,0.476,-1.6,10.0,0.463,-2.8,15.0,0.22,-7.1,1,0.0,0.140969697,0.038194797
14,2008,1610612762,West,4.0,0.659,6.9,4.0,0.622,2.9,9.0,0.5,-2.6,14.0,0.317,-4.3,1,0.0,0.041948052,0.136592377
15,2008,1610612765,East,2.0,0.72,7.4,1.0,0.646,4.2,1.0,0.78,6.7,2.0,0.659,3.9,1,0.5,0.162606838,0.057463487
16,2008,1610612754,East,9.0,0.439,-1.4,9.0,0.427,-2.4,6.0,0.5,1.9,6.0,0.537,0.8,0,0.0,0.093315508,0.211856496
17,2008,1610612756,West,6.0,0.671,5.0,2.0,0.744,7.3,3.0,0.659,5.5,1.0,0.756,7.1,0,0.077108844,-0.064912281,0.093524322
18,2008,1610612766,East,12.0,0.39,-4.4,11.0,0.402,-3.7,13.0,0.317,-4.0,14.0,0.22,-6.0,0,0.0,0.048395722,0.133422297
19,2008,1610612744,West,9.0,0.585,2.2,8.0,0.512,-0.3,13.0,0.415,-1.4,12.0,0.415,-2.2,0,-0.129166667,0.220170455,0.106072533
20,2008,1610612751,East,10.0,0.415,-5.1,6.0,0.5,-0.8,4.0,0.598,1.4,8.0,0.512,-1.5,0,0.160072314,0.092679289,0.080651629
21,2008,1610612750,West,13.0,0.268,-6.8,13.0,0.39,-3.7,14.0,0.402,-1.9,9.0,0.537,1.5,0,0.0,0.04080287,0.206557765
22,2008,1610612749,East,13.0,0.317,-6.9,14.0,0.341,-4.4,8.0,0.481,-1.0,13.0,0.366,-3.0,0,0.017171717,0.046232057,0.08467636
23,2008,1610612763,West,14.0,0.268,-6.2,15.0,0.268,-5.1,5.0,0.598,3.7,8.0,0.549,2.3,0,0.0,-0.023538961,0.058548117
24,2008,1610612760,West,15.0,0.244,-8.8,14.0,0.378,-2.9,11.0,0.427,-3.0,4.0,0.634,2.3,0,0.0,-0.011286882,0.090241156
25,2008,1610612761,East,6.0,0.5,2.9,3.0,0.573,1.0,12.0,0.329,-3.0,11.0,0.402,-1.6,0,0.0,0.001636003,0.04228258
26,2008,1610612752,East,14.0,0.28,-6.6,12.0,0.402,-2.9,15.0,0.28,-6.4,12.0,0.402,-2.4,0,0.062982454,0.068473193,0.066613624
27,2008,1610612746,West,12.0,0.28,-7.3,9.0,0.488,-0.5,6.0,0.573,1.6,10.0,0.451,-0.8,0,-0.090509259,0.08882716,0.095991611
28,2008,1610612758,West,11.0,0.463,-2.3,11.0,0.402,-1.8,8.0,0.537,1.5,6.0,0.61,2.2,0,-0.013194444,-0.154166667,0.09977618
29,2008,1610612764,East,5.0,0.524,-0.3,7.0,0.5,-0.5,5.0,0.512,1.9,5.0,0.549,-0.3,0,0.0,0.086713287,0.090348578
30,2009,1610612739,East,1.0,0.805,8.9,4.0,0.549,-0.4,2.0,0.61,3.8,3.0,0.61,2.2,1,0.190248316,0.076493269,0.109137618
31,2009,1610612747,West,1.0,0.793,7.7,1.0,0.695,7.3,7.0,0.512,-0.1,7.0,0.549,2.5,1,0.084348216,0.115729731,0.096740678
32,2009,1610612753,East,3.0,0.72,6.7,3.0,0.634,5.5,8.0,0.488,0.8,10.0,0.439,-1.1,1,0.145818388,0.387650189,0.195209969
33,2009,1610612742,West,6.0,0.61,2.0,7.0,0.622,4.5,1.0,0.817,7.2,2.0,0.732,6.1,1,0.0,0.092042892,0.102523896
34,2009,1610612737,East,4.0,0.573,1.6,8.0,0.451,-1.8,13.0,0.366,-4.8,14.0,0.317,-4.8,1,0.0,0.143358749,0.071079722
35,2009,1610612756,West,9.0,0.561,1.9,6.0,0.671,5.0,2.0,0.744,7.3,3.0,0.659,5.5,1,0.290512821,0.083248166,0.057271616
36,2009,1610612743,West,2.0,0.659,3.4,8.0,0.61,3.7,6.0,0.549,1.6,4.0,0.537,0.2,1,-0.007142857,0.076304327,-0.023599064
37,2009,1610612738,East,2.0,0.756,7.5,1.0,0.805,10.3,15.0,0.293,-3.4,11.0,0.402,-1.5,1,0.124196429,0.104557259,0.098052902
38,2009,1610612762,West,8.0,0.585,2.6,4.0,0.659,6.9,4.0,0.622,2.9,9.0,0.5,-2.6,1,0.0,0.073920529,0.142844596
39,2009,1610612748,East,5.0,0.524,0.3,15.0,0.183,-8.6,4.0,0.537,-0.9,2.0,0.634,3.9,1,-0.083832071,0.072546612,0.087562685
40,2009,1610612749,East,12.0,0.415,-1.1,13.0,0.317,-6.9,14.0,0.341,-4.4,8.0,0.481,-1.0,1,0.107962963,0.05109242,0.091320244
41,2009,1610612757,West,4.0,0.659,5.3,10.0,0.5,-1.0,12.0,0.39,-4.3,15.0,0.256,-9.5,1,0.245833333,0.128311847,0.126085674
42,2009,1610612766,East,10.0,0.427,-1.3,12.0,0.39,-4.4,11.0,0.402,-3.7,13.0,0.317,-4.0,1,0.0,0.061195961,0.079926318
43,2009,1610612759,West,3.0,0.659,3.8,3.0,0.683,4.8,3.0,0.707,8.4,1.0,0.768,6.8,1,0.113474026,0.073767126,0.100532977
44,2009,1610612741,East,7.0,0.5,-0.3,11.0,0.402,-3.1,5.0,0.598,5.0,7.0,0.5,0.6,1,0.0,0.121840488,0.080935536
45,2009,1610612760,West,13.0,0.28,-6.1,15.0,0.244,-8.8,14.0,0.378,-2.9,11.0,0.427,-3.0,1,-0.033333333,0.096042546,0.08156009
46,2009,1610612745,West,5.0,0.646,4.0,5.0,0.671,4.7,5.0,0.634,4.9,12.0,0.415,-1.6,0,-0.027083333,0.106707233,0.070733541
47,2009,1610612761,East,13.0,0.402,-2.8,6.0,0.5,2.9,3.0,0.573,1.0,12.0,0.329,-3.0,0,0.25,0.092359051,0.076121846
48,2009,1610612754,East,9.0,0.439,-1.1,9.0,0.439,-1.4,9.0,0.427,-2.4,6.0,0.5,1.9,0,0.0,0.060540858,0.037389027
49,2009,1610612763,West,12.0,0.293,-5.5,14.0,0.268,-6.2,15.0,0.268,-5.1,5.0,0.598,3.7,0,0.244166667,0.068191373,0.060535424
50,2009,1610612752,East,14.0,0.39,-2.6,14.0,0.28,-6.6,12.0,0.402,-2.9,15.0,0.28,-6.4,0,0.132227752,0.139049382,0.089584048
51,2009,1610612740,West,7.0,0.598,1.5,2.0,0.683,5.3,10.0,0.476,-1.6,10.0,0.463,-2.8,0,0.105194805,0.13840025,0.042461483
52,2009,1610612765,East,8.0,0.476,-0.5,2.0,0.72,7.4,1.0,0.646,4.2,1.0,0.78,6.7,0,0.124351852,0.114359285,0.108947797
53,2009,1610612746,West,14.0,0.232,-8.8,12.0,0.28,-7.3,9.0,0.488,-0.5,6.0,0.573,1.6,0,0.094187257,0.068801383,0.089609536
54,2009,1610612744,West,10.0,0.354,-3.7,9.0,0.585,2.2,8.0,0.512,-0.3,13.0,0.415,-1.4,0,0.0,0.265747483,0.088949151
55,2009,1610612755,East,6.0,0.5,0.1,7.0,0.488,0.4,10.0,0.427,-3.0,9.0,0.463,-2.0,0,0.0,0.089301483,0.13996048
56,2009,1610612758,West,15.0,0.207,-8.8,11.0,0.463,-2.3,11.0,0.402,-1.8,8.0,0.537,1.5,0,0.267857143,0.049474225,0.093916667
57,2009,1610612764,East,15.0,0.232,-7.5,5.0,0.524,-0.3,7.0,0.5,-0.5,5.0,0.512,1.9,0,0.098148148,0.087348238,0.09211553
58,2009,1610612750,West,11.0,0.293,-4.9,13.0,0.268,-6.8,13.0,0.39,-3.7,14.0,0.402,-1.9,0,0.10072601,0.062074265,0.122218434
59,2009,1610612751,East,11.0,0.415,-2.4,10.0,0.415,-5.1,6.0,0.5,-0.8,4.0,0.598,1.4,0,0.127407449,0.150318286,0.090667113
60,2010,1610612741,East,8.0,0.5,-1.6,7.0,0.5,-0.3,11.0,0.402,-3.1,5.0,0.598,5.0,1,0.159594707,0.09450103,0.148084423
61,2010,1610612759,West,7.0,0.61,5.1,3.0,0.659,3.8,3.0,0.683,4.8,3.0,0.707,8.4,1,0.0,0.060086817,0.113887942
62,2010,1610612748,East,5.0,0.573,2.3,5.0,0.524,0.3,15.0,0.183,-8.6,4.0,0.537,-0.9,1,0.129289994,0.062565796,0.115354959
63,2010,1610612747,West,1.0,0.695,4.7,1.0,0.793,7.7,1.0,0.695,7.3,7.0,0.512,-0.1,1,0.100735931,0.07771401,0.109572856
64,2010,1610612738,East,4.0,0.61,3.7,2.0,0.756,7.5,1.0,0.805,10.3,15.0,0.293,-3.4,1,0.170111833,0.061544568,0.113693829
65,2010,1610612742,West,2.0,0.671,2.7,6.0,0.61,2.0,7.0,0.622,4.5,1.0,0.817,7.2,1,0.326666667,0.014051788,0.118240603
66,2010,1610612753,East,2.0,0.72,7.5,3.0,0.72,6.7,3.0,0.634,5.5,8.0,0.488,0.8,1,0.095925325,0.310511009,0.144427991
67,2010,1610612760,West,8.0,0.61,3.5,13.0,0.28,-6.1,15.0,0.244,-8.8,14.0,0.378,-2.9,1,-0.039404762,0.044133453,0.147988716
68,2010,1610612743,West,4.0,0.646,4.1,2.0,0.659,3.4,8.0,0.61,3.7,6.0,0.549,1.6,1,0.094072671,0.056574458,0.129850605
69,2010,1610612737,East,3.0,0.646,4.7,4.0,0.573,1.6,8.0,0.451,-1.8,13.0,0.366,-4.8,1,0.114583333,0.057177124,0.120077638
70,2010,1610612752,East,11.0,0.354,-3.8,14.0,0.39,-2.6,14.0,0.28,-6.6,12.0,0.402,-2.9,1,0.057385372,0.140665815,0.114920753
71,2010,1610612757,West,6.0,0.61,3.3,4.0,0.659,5.3,10.0,0.5,-1.0,12.0,0.39,-4.3,1,0.003030303,0.063485245,0.106689718
72,2010,1610612740,West,11.0,0.451,-2.5,7.0,0.598,1.5,2.0,0.683,5.3,10.0,0.476,-1.6,1,0.237916667,0.13867949,0.122026912
73,2010,1610612755,East,13.0,0.329,-3.9,6.0,0.5,0.1,7.0,0.488,0.4,10.0,0.427,-3.0,1,0.0,0.076558914,0.151757116
74,2010,1610612754,East,10.0,0.39,-3.0,9.0,0.439,-1.1,9.0,0.439,-1.4,9.0,0.427,-2.4,1,0.136363636,0.059547168,0.14274967
75,2010,1610612763,West,10.0,0.488,-1.5,12.0,0.293,-5.5,14.0,0.268,-6.2,15.0,0.268,-5.1,1,-0.1,0.050972929,0.141713606
76,2010,1610612745,West,9.0,0.512,-0.4,5.0,0.646,4.0,5.0,0.671,4.7,5.0,0.634,4.9,0,0.136363636,0.083908734,0.105984869
77,2010,1610612749,East,6.0,0.561,1.7,12.0,0.415,-1.1,13.0,0.317,-6.9,14.0,0.341,-4.4,0,0.014676677,0.073551698,0.107389113
78,2010,1610612766,East,7.0,0.537,1.5,10.0,0.427,-1.3,12.0,0.39,-4.4,11.0,0.402,-3.7,0,0.068238,0.053845957,0.087355158
79,2010,1610612756,West,3.0,0.659,4.9,9.0,0.561,1.9,6.0,0.671,5.0,2.0,0.744,7.3,0,0.0,0.055956542,0.080977486
80,2010,1610612762,West,5.0,0.646,5.3,8.0,0.585,2.6,4.0,0.659,6.9,4.0,0.622,2.9,0,-0.054545455,0.0527927,0.122427003
81,2010,1610612765,East,12.0,0.329,-5.1,8.0,0.476,-0.5,2.0,0.72,7.4,1.0,0.646,4.2,0,-0.029786756,0.070884598,0.123241197
82,2010,1610612744,West,13.0,0.317,-3.6,10.0,0.354,-3.7,9.0,0.585,2.2,8.0,0.512,-0.3,0,0.22,0.24592287,0.103805685
83,2010,1610612751,East,15.0,0.146,-9.1,11.0,0.415,-2.4,10.0,0.415,-5.1,6.0,0.5,-0.8,0,0.105002917,0.14197344,0.135811627
84,2010,1610612764,East,14.0,0.317,-4.8,15.0,0.232,-7.5,5.0,0.524,-0.3,7.0,0.5,-0.5,0,0.061354167,0.022729662,0.104333319
85,2010,1610612746,West,12.0,0.354,-6.4,14.0,0.232,-8.8,12.0,0.28,-7.3,9.0,0.488,-0.5,0,0.0,0.082022475,0.12254429
86,2010,1610612758,West,14.0,0.305,-4.4,15.0,0.207,-8.8,11.0,0.463,-2.3,11.0,0.402,-1.8,0,0.0,0.070388429,0.114553935
87,2010,1610612761,East,9.0,0.488,-1.8,13.0,0.402,-2.8,6.0,0.5,2.9,3.0,0.573,1.0,0,0.217361111,0.02086604,0.105241233
88,2010,1610612739,East,1.0,0.744,6.5,1.0,0.805,8.9,4.0,0.549,-0.4,2.0,0.61,3.8,0,0.197590892,0.057643878,0.11245619
89,2010,1610612750,West,15.0,0.183,-9.6,11.0,0.293,-4.9,13.0,0.268,-6.8,13.0,0.39,-3.7,0,-0.06625,0.055093526,0.146238869
90,2011,1610612741,East,1.0,0.756,7.3,8.0,0.5,-1.6,7.0,0.5,-0.3,11.0,0.402,-3.1,1,0.228551587,0.172703156,0.143518552
91,2011,1610612759,West,1.0,0.744,5.7,7.0,0.61,5.1,3.0,0.659,3.8,3.0,0.683,4.8,1,0.247192982,0.039059827,0.123310508
92,2011,1610612748,East,2.0,0.707,7.5,5.0,0.573,2.3,5.0,0.524,0.3,15.0,0.183,-8.6,1,0.072189153,0.161556326,0.104087955
93,2011,1610612760,West,4.0,0.671,3.8,8.0,0.61,3.5,13.0,0.28,-6.1,15.0,0.244,-8.8,1,0.04334596,0.084213504,0.109182554
94,2011,1610612754,East,8.0,0.451,-1.1,10.0,0.39,-3.0,9.0,0.439,-1.1,9.0,0.439,-1.4,1,0.0,0.086582568,0.116047013
95,2011,1610612747,West,2.0,0.695,6.1,1.0,0.695,4.7,1.0,0.793,7.7,1.0,0.695,7.3,1,0.074921708,0.027890136,0.111319027
96,2011,1610612738,East,3.0,0.683,5.4,4.0,0.61,3.7,2.0,0.756,7.5,1.0,0.805,10.3,1,0.098863636,0.041863359,0.120915447
97,2011,1610612763,West,8.0,0.561,2.3,10.0,0.488,-1.5,12.0,0.293,-5.5,14.0,0.268,-6.2,1,0.155892256,0.084820009,0.111016197
98,2011,1610612737,East,5.0,0.537,-0.8,3.0,0.646,4.7,4.0,0.573,1.6,8.0,0.451,-1.8,1,0.18125,0.062922908,0.108748988
99,2011,1610612746,West,13.0,0.39,-3.1,12.0,0.354,-6.4,14.0,0.232,-8.8,12.0,0.28,-7.3,1,0.162264453,0.066566141,0.119592269
100,2011,1610612743,West,5.0,0.61,4.8,4.0,0.646,4.1,2.0,0.659,3.4,8.0,0.61,3.7,1,0.151704545,0.085356055,0.14406028
101,2011,1610612753,East,4.0,0.634,5.5,2.0,0.72,7.5,3.0,0.72,6.7,3.0,0.634,5.5,1,0.171241497,0.290809258,0.097411253
102,2011,1610612752,East,6.0,0.512,0.8,11.0,0.354,-3.8,14.0,0.39,-2.6,14.0,0.28,-6.6,1,0.080049978,0.149982333,0.102057333
103,2011,1610612742,West,3.0,0.695,4.2,2.0,0.671,2.7,6.0,0.61,2.0,7.0,0.622,4.5,1,0.094831388,0.072839925,0.10807235
104,2011,1610612762,West,11.0,0.476,-1.8,5.0,0.646,5.3,8.0,0.585,2.6,4.0,0.659,6.9,1,0.062412587,0.082054629,0.106060486
105,2011,1610612755,East,7.0,0.5,1.5,13.0,0.329,-3.9,6.0,0.5,0.1,7.0,0.488,0.4,1,0.090848966,0.064438114,0.131899884
106,2011,1610612745,West,9.0,0.524,2.2,9.0,0.512,-0.4,5.0,0.646,4.0,5.0,0.671,4.7,0,0.06875,0.082074741,0.103221807
107,2011,1610612749,East,9.0,0.427,-0.8,6.0,0.561,1.7,12.0,0.415,-1.1,13.0,0.317,-6.9,0,-0.057142857,0.093183296,0.096881127
108,2011,1610612765,East,11.0,0.366,-3.6,12.0,0.329,-5.1,8.0,0.476,-0.5,2.0,0.72,7.4,0,-0.032272727,0.059648385,0.105074961
109,2011,1610612756,West,10.0,0.488,-0.9,3.0,0.659,4.9,9.0,0.561,1.9,6.0,0.671,5.0,0,0.305654161,0.080187146,0.108660999
110,2011,1610612757,West,6.0,0.585,1.5,6.0,0.61,3.3,4.0,0.659,5.3,10.0,0.5,-1.0,0,0.006052876,0.079660985,0.096911983
111,2011,1610612761,East,14.0,0.268,-6.3,9.0,0.488,-1.8,13.0,0.402,-2.8,6.0,0.5,2.9,0,0.037037037,0.06998517,0.111219016
112,2011,1610612751,East,12.0,0.293,-6.2,15.0,0.146,-9.1,11.0,0.415,-2.4,10.0,0.415,-5.1,0,0.081338206,0.132267356,0.108221168
113,2011,1610612750,West,15.0,0.207,-6.6,15.0,0.183,-9.6,11.0,0.293,-4.9,13.0,0.268,-6.8,0,0.26625,0.086888572,0.121498816
114,2011,1610612744,West,12.0,0.439,-2.3,13.0,0.317,-3.6,10.0,0.354,-3.7,9.0,0.585,2.2,0,0.143695446,0.254337934,0.118542885
115,2011,1610612739,East,15.0,0.232,-9.0,1.0,0.744,6.5,1.0,0.805,8.9,4.0,0.549,-0.4,0,0.128935185,0.04008858,0.112266088
116,2011,1610612758,West,14.0,0.293,-5.3,14.0,0.305,-4.4,15.0,0.207,-8.8,11.0,0.463,-2.3,0,0.077169562,0.094373843,0.092600636
117,2011,1610612764,East,13.0,0.28,-7.4,14.0,0.317,-4.8,15.0,0.232,-7.5,5.0,0.524,-0.3,0,0.0,0.087932855,0.089336928
118,2011,1610612766,East,10.0,0.415,-4.0,7.0,0.537,1.5,10.0,0.427,-1.3,12.0,0.39,-4.4,0,0.076962,0.06850223,0.08965457
119,2011,1610612740,West,7.0,0.561,0.9,11.0,0.451,-2.5,7.0,0.598,1.5,2.0,0.683,5.3,0,0.109919525,0.147667315,0.118996098
120,2012,1610612748,East,2.0,0.697,6.0,2.0,0.707,7.5,5.0,0.573,2.3,5.0,0.524,0.3,1,0.081148539,0.108878977,0.11582164
121,2012,1610612760,West,2.0,0.712,6.1,4.0,0.671,3.8,8.0,0.61,3.5,13.0,0.28,-6.1,1,0.145480159,0.072559425,0.11805706
122,2012,1610612752,East,7.0,0.545,3.2,6.0,0.512,0.8,11.0,0.354,-3.8,14.0,0.39,-2.6,1,0.101250872,0.130054271,0.10675604
123,2012,1610612759,West,1.0,0.758,7.2,1.0,0.744,5.7,7.0,0.61,5.1,3.0,0.659,3.8,1,0.166666667,0.070030907,0.115316569
124,2012,1610612743,West,6.0,0.576,2.9,5.0,0.61,4.8,4.0,0.646,4.1,2.0,0.659,3.4,1,0.147619048,0.066793454,0.11272365
125,2012,1610612754,East,3.0,0.636,3.3,8.0,0.451,-1.1,10.0,0.39,-3.0,9.0,0.439,-1.1,1,0.103333333,0.075597289,0.131173761
126,2012,1610612746,West,5.0,0.606,2.6,13.0,0.39,-3.1,12.0,0.354,-6.4,14.0,0.232,-8.8,1,0.37,0.050957434,0.108551021
127,2012,1610612751,East,12.0,0.333,-6.0,12.0,0.293,-6.2,15.0,0.146,-9.1,11.0,0.415,-2.4,1,0.089368762,0.088406555,0.10905065
128,2012,1610612763,West,4.0,0.621,2.0,8.0,0.561,2.3,10.0,0.488,-1.5,12.0,0.293,-5.5,1,0.0,0.074869845,0.112512552
129,2012,1610612741,East,1.0,0.758,8.2,1.0,0.756,7.3,8.0,0.5,-1.6,7.0,0.5,-0.3,1,0.147138799,0.106007997,0.142605863
130,2012,1610612744,West,13.0,0.348,-3.4,12.0,0.439,-2.3,13.0,0.317,-3.6,10.0,0.354,-3.7,1,0.202380952,0.234620803,0.116747509
131,2012,1610612737,East,5.0,0.606,3.4,5.0,0.537,-0.8,3.0,0.646,4.7,4.0,0.573,1.6,1,0.122354497,0.05902121,0.11050764
132,2012,1610612747,West,3.0,0.621,1.4,2.0,0.695,6.1,1.0,0.695,4.7,1.0,0.793,7.7,1,0.198208219,0.056916339,0.096090562
133,2012,1610612738,East,4.0,0.591,2.5,3.0,0.683,5.4,4.0,0.61,3.7,2.0,0.756,7.5,1,0.234443182,0.080933158,0.098567098
134,2012,1610612745,West,9.0,0.515,0.2,9.0,0.524,2.2,9.0,0.512,-0.4,5.0,0.646,4.0,1,0.051061121,0.063229364,0.117849512
135,2012,1610612749,East,9.0,0.47,0.3,9.0,0.427,-0.8,6.0,0.561,1.7,12.0,0.415,-1.1,1,0.0,0.059402041,0.099337464
136,2012,1610612755,East,8.0,0.53,4.2,7.0,0.5,1.5,13.0,0.329,-3.9,6.0,0.5,0.1,0,0.118843194,0.070539357,0.090806009
137,2012,1610612762,West,8.0,0.545,0.6,11.0,0.476,-1.8,5.0,0.646,5.3,8.0,0.585,2.6,0,0.0,0.044675193,0.112946825
138,2012,1610612742,West,7.0,0.545,1.0,3.0,0.695,4.2,2.0,0.671,2.7,6.0,0.61,2.0,0,0.117474747,0.027540679,0.119979243
139,2012,1610612761,East,11.0,0.348,-3.3,14.0,0.268,-6.3,9.0,0.488,-1.8,13.0,0.402,-2.8,0,0.133333333,0.078933719,0.11345402
140,2012,1610612757,West,11.0,0.424,-0.6,6.0,0.585,1.5,6.0,0.61,3.3,4.0,0.659,5.3,0,-0.226666667,0.080588807,0.106269087
141,2012,1610612765,East,10.0,0.379,-4.8,11.0,0.366,-3.6,12.0,0.329,-5.1,8.0,0.476,-0.5,0,0.525,0.089392164,0.123573996
142,2012,1610612750,West,12.0,0.394,-2.2,15.0,0.207,-6.6,15.0,0.183,-9.6,11.0,0.293,-4.9,0,0.27,0.075687813,0.119378391
143,2012,1610612764,East,14.0,0.303,-4.8,13.0,0.28,-7.4,14.0,0.317,-4.8,15.0,0.232,-7.5,0,-0.007338664,0.054681354,0.121854692
144,2012,1610612739,East,13.0,0.318,-7.2,15.0,0.232,-9.0,1.0,0.744,6.5,1.0,0.805,8.9,0,0.0,0.079911205,0.129341523
145,2012,1610612758,West,14.0,0.333,-5.7,14.0,0.293,-5.3,14.0,0.305,-4.4,15.0,0.207,-8.8,0,0.14798396,0.068106515,0.087691455
146,2012,1610612740,West,15.0,0.318,-3.8,7.0,0.561,0.9,11.0,0.451,-2.5,7.0,0.598,1.5,0,0.367556818,0.139502783,0.130086213
147,2012,1610612766,East,15.0,0.106,-13.9,10.0,0.415,-4.0,7.0,0.537,1.5,10.0,0.427,-1.3,0,0.0,0.079221266,0.093161114
148,2012,1610612756,West,10.0,0.5,-0.2,10.0,0.488,-0.9,3.0,0.659,4.9,9.0,0.561,1.9,0,0.220643939,0.073898437,0.097493176
149,2012,1610612753,East,6.0,0.561,0.8,4.0,0.634,5.5,2.0,0.72,7.5,3.0,0.72,6.7,0,0.190648449,0.362197899,0.131946187
150,2013,1610612759,West,2.0,0.707,6.4,1.0,0.758,7.2,1.0,0.744,5.7,7.0,0.61,5.1,1,0.097239293,0.05358229,0.133555609
151,2013,1610612754,East,3.0,0.605,4.0,3.0,0.636,3.3,8.0,0.451,-1.1,10.0,0.39,-3.0,1,0.016547619,0.054466254,0.107914887
152,2013,1610612748,East,1.0,0.805,7.9,2.0,0.697,6.0,2.0,0.707,7.5,5.0,0.573,2.3,1,0.10209596,0.085885819,0.109230943
153,2013,1610612760,West,1.0,0.732,9.2,2.0,0.712,6.1,4.0,0.671,3.8,8.0,0.61,3.5,1,0.1375,0.059485756,0.119062472
154,2013,1610612746,West,4.0,0.683,6.5,5.0,0.606,2.6,13.0,0.39,-3.1,12.0,0.354,-6.4,1,0.071601732,0.064225269,0.106064708
155,2013,1610612761,East,10.0,0.415,-1.5,11.0,0.348,-3.3,14.0,0.268,-6.3,9.0,0.488,-1.8,1,0.318181818,0.041303249,0.116071074
156,2013,1610612741,East,5.0,0.549,0.3,1.0,0.758,8.2,1.0,0.756,7.3,8.0,0.5,-1.6,1,0.125638528,0.161685367,0.144092531
157,2013,1610612745,West,8.0,0.549,3.5,9.0,0.515,0.2,9.0,0.524,2.2,9.0,0.512,-0.4,1,0.106856576,0.050366297,0.095969505
158,2013,1610612764,East,12.0,0.354,-2.5,14.0,0.303,-4.8,13.0,0.28,-7.4,14.0,0.317,-4.8,1,0.0,0.060922037,0.130530328
159,2013,1610612757,West,11.0,0.402,-3.2,11.0,0.424,-0.6,6.0,0.585,1.5,6.0,0.61,3.3,1,0.0,0.076884656,0.113753503
160,2013,1610612744,West,6.0,0.573,0.9,13.0,0.348,-3.4,12.0,0.439,-2.3,13.0,0.317,-3.6,1,0.0,0.243258628,0.131227683
161,2013,1610612751,East,4.0,0.598,1.8,12.0,0.333,-6.0,12.0,0.293,-6.2,15.0,0.146,-9.1,1,0.084771241,0.056360944,0.108590586
162,2013,1610612766,East,14.0,0.256,-9.2,15.0,0.106,-13.9,10.0,0.415,-4.0,7.0,0.537,1.5,1,0.277143,0.088303274,0.085121456
163,2013,1610612763,West,5.0,0.683,4.1,4.0,0.621,2.0,8.0,0.561,2.3,10.0,0.488,-1.5,1,0.0,0.059864781,0.117106224
164,2013,1610612737,East,6.0,0.537,0.4,5.0,0.606,3.4,5.0,0.537,-0.8,3.0,0.646,4.7,1,0.378754579,0.027254611,0.117954992
165,2013,1610612742,West,10.0,0.5,-0.6,7.0,0.545,1.0,3.0,0.695,4.2,2.0,0.671,2.7,1,0.073469388,0.04772556,0.123996901
166,2013,1610612752,East,2.0,0.659,4.2,7.0,0.545,3.2,6.0,0.512,0.8,11.0,0.354,-3.8,0,0.116654036,0.136048001,0.109369291
167,2013,1610612756,West,15.0,0.305,-6.5,10.0,0.5,-0.2,10.0,0.488,-0.9,3.0,0.659,4.9,0,0.0,0.045429859,0.1108478
168,2013,1610612739,East,13.0,0.293,-4.7,13.0,0.318,-7.2,15.0,0.232,-9.0,1.0,0.744,6.5,0,0.125,0.068891642,0.119775031
169,2013,1610612750,West,12.0,0.378,-2.4,12.0,0.394,-2.2,15.0,0.207,-6.6,15.0,0.183,-9.6,0,0.0,0.069242531,0.133972853
170,2013,1610612765,East,11.0,0.354,-4.0,10.0,0.379,-4.8,11.0,0.366,-3.6,12.0,0.329,-5.1,0,0.333333333,0.090402352,0.112786972
171,2013,1610612743,West,3.0,0.695,5.1,6.0,0.576,2.9,5.0,0.61,4.8,4.0,0.646,4.1,0,0.0,0.044142809,0.126820315
172,2013,1610612738,East,7.0,0.506,-0.2,4.0,0.591,2.5,3.0,0.683,5.4,4.0,0.61,3.7,0,0.089787959,0.04994466,0.10743942
173,2013,1610612740,West,14.0,0.329,-3.9,15.0,0.318,-3.8,7.0,0.561,0.9,11.0,0.451,-2.5,0,0.0,0.130895428,0.117761972
174,2013,1610612753,East,15.0,0.244,-7.0,6.0,0.561,0.8,4.0,0.634,5.5,2.0,0.72,7.5,0,0.14789412,0.316351117,0.124454694
175,2013,1610612758,West,13.0,0.341,-4.9,14.0,0.333,-5.7,14.0,0.293,-5.3,14.0,0.305,-4.4,0,0.060185185,0.07948417,0.108499622
176,2013,1610612747,West,7.0,0.549,1.2,3.0,0.621,1.4,2.0,0.695,6.1,1.0,0.695,4.7,0,0.131188801,0.096838839,0.106072883
177,2013,1610612755,East,9.0,0.415,-3.3,8.0,0.53,4.2,7.0,0.5,1.5,13.0,0.329,-3.9,0,-0.466666667,0.020221846,0.101664866
178,2013,1610612762,West,9.0,0.524,-0.1,8.0,0.545,0.6,11.0,0.476,-1.8,5.0,0.646,5.3,0,0.0,0.05966572,0.109049622
179,2013,1610612749,East,8.0,0.463,-1.5,9.0,0.47,0.3,9.0,0.427,-0.8,6.0,0.561,1.7,0,0.0,0.067266501,0.109615381
180,2014,1610612737,East,8.0,0.463,-0.5,6.0,0.537,0.4,5.0,0.606,3.4,5.0,0.537,-0.8,1,0.040257937,0.063823012,0.125020273
181,2014,1610612744,West,6.0,0.622,4.8,6.0,0.573,0.9,13.0,0.348,-3.4,12.0,0.439,-2.3,1,0.086666667,0.246287327,0.12465008
182,2014,1610612745,West,4.0,0.659,4.6,8.0,0.549,3.5,9.0,0.515,0.2,9.0,0.524,2.2,1,0.172222222,0.067038272,0.113984779
183,2014,1610612739,East,10.0,0.402,-3.3,13.0,0.293,-4.7,13.0,0.318,-7.2,15.0,0.232,-9.0,1,0.15676582,0.104114266,0.130995245
184,2014,1610612741,East,4.0,0.585,1.9,5.0,0.549,0.3,1.0,0.758,8.2,1.0,0.756,7.3,1,0.199665179,0.131147357,0.135056527
185,2014,1610612746,West,3.0,0.695,7.0,4.0,0.683,6.5,5.0,0.606,2.6,13.0,0.39,-3.1,1,0.114383117,0.073039989,0.097543893
186,2014,1610612757,West,5.0,0.659,4.0,11.0,0.402,-3.2,11.0,0.424,-0.6,6.0,0.585,1.5,1,0.0,0.039919186,0.108392557
187,2014,1610612761,East,3.0,0.585,3.2,10.0,0.415,-1.5,11.0,0.348,-3.3,14.0,0.268,-6.3,1,0.0,0.097414264,0.100180292
188,2014,1610612763,West,7.0,0.61,1.6,5.0,0.683,4.1,4.0,0.621,2.0,8.0,0.561,2.3,1,0.090138889,0.060655716,0.130128941
189,2014,1610612764,East,5.0,0.537,1.3,12.0,0.354,-2.5,14.0,0.303,-4.8,13.0,0.28,-7.4,1,0.125,0.063952277,0.123003262
190,2014,1610612759,West,1.0,0.756,7.7,2.0,0.707,6.4,1.0,0.758,7.2,1.0,0.744,5.7,1,0.093571429,0.101841887,0.119462168
191,2014,1610612749,East,15.0,0.183,-8.2,8.0,0.463,-1.5,9.0,0.47,0.3,9.0,0.427,-0.8,1,0.055858586,0.074555157,0.118235887
192,2014,1610612738,East,12.0,0.305,-4.5,7.0,0.506,-0.2,4.0,0.591,2.5,3.0,0.683,5.4,1,-0.12972583,0.026211411,0.119385887
193,2014,1610612742,West,8.0,0.598,2.4,10.0,0.5,-0.6,7.0,0.545,1.0,3.0,0.695,4.2,1,0.304166667,0.066073407,0.10041554
194,2014,1610612740,West,12.0,0.415,-2.7,14.0,0.329,-3.9,15.0,0.318,-3.8,7.0,0.561,0.9,1,0.0,0.137345023,0.118849331
195,2014,1610612751,East,6.0,0.537,-1.0,4.0,0.598,1.8,12.0,0.333,-6.0,12.0,0.293,-6.2,1,-0.003710412,0.030630686,0.093301551
196,2014,1610612754,East,1.0,0.683,4.4,3.0,0.605,4.0,3.0,0.636,3.3,8.0,0.451,-1.1,0,-0.194805195,0.06406699,0.127213766
197,2014,1610612760,West,2.0,0.72,6.3,1.0,0.732,9.2,2.0,0.712,6.1,4.0,0.671,3.8,0,0.1875,0.091681875,0.126582619
198,2014,1610612748,East,2.0,0.659,4.8,1.0,0.805,7.9,2.0,0.697,6.0,2.0,0.707,7.5,0,0.172042929,0.093173252,0.121972017
199,2014,1610612756,West,9.0,0.585,2.6,15.0,0.305,-6.5,10.0,0.5,-0.2,10.0,0.488,-0.9,0,-0.283333333,0.087422034,0.104548962
200,2014,1610612762,West,15.0,0.305,-7.2,9.0,0.524,-0.1,8.0,0.545,0.6,11.0,0.476,-1.8,0,0.0,0.081904155,0.124566578
201,2014,1610612766,East,7.0,0.524,-0.2,14.0,0.256,-9.2,15.0,0.106,-13.9,10.0,0.415,-4.0,0,0.0,0.089561983,0.115758191
202,2014,1610612765,East,11.0,0.354,-3.7,11.0,0.354,-4.0,10.0,0.379,-4.8,11.0,0.366,-3.6,0,0.0,0.078243073,0.120132693
203,2014,1610612743,West,11.0,0.439,-2.1,3.0,0.695,5.1,6.0,0.576,2.9,5.0,0.61,4.8,0,0.1775,0.118980751,0.115034946
204,2014,1610612753,East,13.0,0.28,-5.4,15.0,0.244,-7.0,6.0,0.561,0.8,4.0,0.634,5.5,0,0.033333333,0.314255228,0.152486132
205,2014,1610612758,West,13.0,0.341,-2.9,13.0,0.341,-4.9,14.0,0.333,-5.7,14.0,0.293,-5.3,0,0.120833333,0.082003378,0.104131299
206,2014,1610612747,West,14.0,0.329,-6.3,7.0,0.549,1.2,3.0,0.621,1.4,2.0,0.695,6.1,0,0.133732323,0.048903898,0.116807899
207,2014,1610612755,East,14.0,0.232,-10.5,9.0,0.415,-3.3,8.0,0.53,4.2,7.0,0.5,1.5,0,0.11452862,0.082202977,0.103945108
208,2014,1610612752,East,9.0,0.451,-0.8,2.0,0.659,4.2,7.0,0.545,3.2,6.0,0.512,0.8,0,0.088709196,0.136776877,0.114337497
209,2014,1610612750,West,10.0,0.488,2.7,12.0,0.378,-2.4,12.0,0.394,-2.2,15.0,0.207,-6.6,0,0.217916667,0.066602061,0.126719763
210,2015,1610612744,West,1.0,0.817,10.1,6.0,0.622,4.8,6.0,0.573,0.9,13.0,0.348,-3.4,1,0.146835685,0.25237966,0.103226427
211,2015,1610612739,East,2.0,0.646,4.5,10.0,0.402,-3.3,13.0,0.293,-4.7,13.0,0.318,-7.2,1,0.14904321,0.099205406,0.12049141
212,2015,1610612759,West,6.0,0.671,6.2,1.0,0.756,7.7,2.0,0.707,6.4,1.0,0.758,7.2,1,0.174125,0.09627049,0.133925329
213,2015,1610612761,East,4.0,0.598,3.1,3.0,0.585,3.2,10.0,0.415,-1.5,11.0,0.348,-3.3,1,0.0,0.075398916,0.120688596
214,2015,1610612748,East,10.0,0.451,-2.6,2.0,0.659,4.8,1.0,0.805,7.9,2.0,0.697,6.0,1,0.214962121,0.062902581,0.11314764
215,2015,1610612760,West,9.0,0.549,2.2,2.0,0.72,6.3,1.0,0.732,9.2,2.0,0.712,6.1,1,0.0875,0.082283509,0.115874831
216,2015,1610612737,East,1.0,0.732,5.4,8.0,0.463,-0.5,6.0,0.537,0.4,5.0,0.606,3.4,1,0.0,0.078110665,0.124377183
217,2015,1610612746,West,3.0,0.683,6.6,3.0,0.695,7.0,4.0,0.683,6.5,5.0,0.606,2.6,1,0.19212963,0.074060229,0.108067875
218,2015,1610612738,East,7.0,0.488,0.2,12.0,0.305,-4.5,7.0,0.506,-0.2,4.0,0.591,2.5,1,0.0,0.082010908,0.126611588
219,2015,1610612757,West,4.0,0.622,4.2,5.0,0.659,4.0,11.0,0.402,-3.2,11.0,0.424,-0.6,1,0.155357143,0.066850693,0.124376639
220,2015,1610612766,East,11.0,0.402,-3.2,7.0,0.524,-0.2,14.0,0.256,-9.2,15.0,0.106,-13.9,1,0.0,0.075613688,0.118241136
221,2015,1610612742,West,7.0,0.61,2.9,8.0,0.598,2.4,10.0,0.5,-0.6,7.0,0.545,1.0,1,0.19212963,0.090879293,0.105916973
222,2015,1610612754,East,9.0,0.463,0.3,1.0,0.683,4.4,3.0,0.605,4.0,3.0,0.636,3.3,1,0.0,0.095601863,0.133226909
223,2015,1610612763,West,5.0,0.671,3.2,7.0,0.61,1.6,5.0,0.683,4.1,4.0,0.621,2.0,1,0.0,0.068592428,0.108688643
224,2015,1610612765,East,12.0,0.39,-1.0,11.0,0.354,-3.7,11.0,0.354,-4.0,10.0,0.379,-4.8,1,0.0,0.114033374,0.118913011
225,2015,1610612745,West,2.0,0.683,3.4,4.0,0.659,4.6,8.0,0.549,3.5,9.0,0.515,0.2,1,0.0,0.092839069,0.106027477
226,2015,1610612741,East,3.0,0.61,3.0,4.0,0.585,1.9,5.0,0.549,0.3,1.0,0.758,8.2,0,0.295,0.129225797,0.126217193
227,2015,1610612762,West,11.0,0.463,0.2,15.0,0.305,-7.2,9.0,0.524,-0.1,8.0,0.545,0.6,0,0.0,0.020494784,0.1372442
228,2015,1610612758,West,13.0,0.354,-3.7,13.0,0.341,-2.9,13.0,0.341,-4.9,14.0,0.333,-5.7,0,0.061003706,0.09095701,0.092388299
229,2015,1610612764,East,5.0,0.561,0.7,5.0,0.537,1.3,12.0,0.354,-2.5,14.0,0.303,-4.8,0,0.2375,0.07374025,0.102256687
230,2015,1610612743,West,12.0,0.366,-3.5,11.0,0.439,-2.1,3.0,0.695,5.1,6.0,0.576,2.9,0,0.0,0.067896026,0.124100701
231,2015,1610612753,East,13.0,0.305,-5.7,13.0,0.28,-5.4,15.0,0.244,-7.0,6.0,0.561,0.8,0,0.0,0.2857519,0.127897805
232,2015,1610612749,East,6.0,0.5,0.4,15.0,0.183,-8.2,8.0,0.463,-1.5,9.0,0.47,0.3,0,0.196363636,0.068546581,0.108469307
233,2015,1610612740,West,8.0,0.549,0.8,12.0,0.415,-2.7,14.0,0.329,-3.9,15.0,0.318,-3.8,0,0.288141026,0.126799247,0.115921113
234,2015,1610612752,East,15.0,0.207,-9.3,9.0,0.451,-0.8,2.0,0.659,4.2,7.0,0.545,3.2,0,0.107507947,0.11943656,0.133426727
235,2015,1610612750,West,15.0,0.195,-8.8,10.0,0.488,2.7,12.0,0.378,-2.4,12.0,0.394,-2.2,0,0.135277778,0.032363988,0.124391225
236,2015,1610612756,West,10.0,0.476,-0.9,9.0,0.585,2.6,15.0,0.305,-6.5,10.0,0.5,-0.2,0,0.186958874,0.081582884,0.112660312
237,2015,1610612751,East,8.0,0.463,-2.9,6.0,0.537,-1.0,4.0,0.598,1.8,12.0,0.333,-6.0,0,0.079757586,0.022929106,0.100217172
238,2015,1610612747,West,14.0,0.256,-6.8,14.0,0.329,-6.3,7.0,0.549,1.2,3.0,0.621,1.4,0,0.271875,0.04707019,0.116409944
239,2015,1610612755,East,14.0,0.22,-9.0,14.0,0.232,-10.5,9.0,0.415,-3.3,8.0,0.53,4.2,0,0.033333333,0.045721107,0.106320239
240,2016,1610612744,West,1.0,0.89,10.8,1.0,0.817,10.1,6.0,0.622,4.8,6.0,0.573,0.9,1,0.158559206,0.232733367,0.129495624
241,2016,1610612738,East,5.0,0.585,3.2,7.0,0.488,0.2,12.0,0.305,-4.5,7.0,0.506,-0.2,1,0.102083333,0.082303237,0.115632522
242,2016,1610612759,West,2.0,0.817,10.6,6.0,0.671,6.2,1.0,0.756,7.7,2.0,0.707,6.4,1,0.066666667,0.074161112,0.128171043
243,2016,1610612739,East,1.0,0.695,6.0,2.0,0.646,4.5,10.0,0.402,-3.3,13.0,0.293,-4.7,1,0.079142411,0.077326878,0.121636536
244,2016,1610612745,West,8.0,0.5,0.2,2.0,0.683,3.4,4.0,0.659,4.6,8.0,0.549,3.5,1,0.0,0.089292446,0.111517954
245,2016,1610612761,East,2.0,0.683,4.5,4.0,0.598,3.1,3.0,0.585,3.2,10.0,0.415,-1.5,1,0.0,0.017119688,0.109889918
246,2016,1610612764,East,10.0,0.5,-0.5,5.0,0.561,0.7,5.0,0.537,1.3,12.0,0.354,-2.5,1,0.0,0.059776849,0.11331259
247,2016,1610612746,West,4.0,0.646,4.3,3.0,0.683,6.6,3.0,0.695,7.0,4.0,0.683,6.5,1,0.0,0.077626542,0.107150307
248,2016,1610612762,West,9.0,0.488,1.8,11.0,0.463,0.2,15.0,0.305,-7.2,9.0,0.524,-0.1,1,0.0,0.091603895,0.122603342
249,2016,1610612737,East,4.0,0.585,3.6,1.0,0.732,5.4,8.0,0.463,-0.5,6.0,0.537,0.4,1,-0.195,0.085839431,0.104656511
250,2016,1610612749,East,12.0,0.402,-4.2,6.0,0.5,0.4,15.0,0.183,-8.2,8.0,0.463,-1.5,1,0.0,0.06829218,0.118167911
251,2016,1610612760,West,3.0,0.671,7.3,9.0,0.549,2.2,2.0,0.72,6.3,1.0,0.732,9.2,1,0.226454545,0.07696446,0.111643698
252,2016,1610612754,East,7.0,0.549,1.7,9.0,0.463,0.3,1.0,0.683,4.4,3.0,0.605,4.0,1,0.0,0.076209048,0.10900959
253,2016,1610612763,West,7.0,0.512,-2.2,5.0,0.671,3.2,7.0,0.61,1.6,5.0,0.683,4.1,1,0.0,0.078497415,0.121307255
254,2016,1610612741,East,9.0,0.512,-1.5,3.0,0.61,3.0,4.0,0.585,1.9,5.0,0.549,0.3,1,0.141248639,0.072652821,0.106085959
255,2016,1610612757,West,5.0,0.537,0.8,4.0,0.622,4.2,5.0,0.659,4.0,11.0,0.402,-3.2,1,0.0,0.055197387,0.113866299
256,2016,1610612743,West,11.0,0.402,-3.1,12.0,0.366,-3.5,11.0,0.439,-2.1,3.0,0.695,5.1,0,0.0,0.075441008,0.123035464
257,2016,1610612748,East,3.0,0.585,1.6,10.0,0.451,-2.6,2.0,0.659,4.8,1.0,0.805,7.9,0,0.09,0.053315468,0.120628572
258,2016,1610612765,East,8.0,0.537,0.6,12.0,0.39,-1.0,11.0,0.354,-3.7,11.0,0.354,-4.0,0,0.0,0.071650855,0.111324529
259,2016,1610612740,West,12.0,0.366,-3.8,8.0,0.549,0.8,12.0,0.415,-2.7,14.0,0.329,-3.9,0,0.0,0.1283444,0.112906914
260,2016,1610612766,East,6.0,0.585,2.7,11.0,0.402,-3.2,7.0,0.524,-0.2,14.0,0.256,-9.2,0,0.1,0.040364856,0.106412941
261,2016,1610612742,West,6.0,0.512,-0.3,7.0,0.61,2.9,8.0,0.598,2.4,10.0,0.5,-0.6,0,0.0,0.064069469,0.124193969
262,2016,1610612752,East,13.0,0.39,-2.7,15.0,0.207,-9.3,9.0,0.451,-0.8,2.0,0.659,4.2,0,0.186071545,0.146612908,0.109941353
263,2016,1610612758,West,10.0,0.402,-2.5,13.0,0.354,-3.7,13.0,0.341,-2.9,13.0,0.341,-4.9,0,-0.207386364,0.082836862,0.109983732
264,2016,1610612753,East,11.0,0.427,-1.6,13.0,0.305,-5.7,13.0,0.28,-5.4,15.0,0.244,-7.0,0,0.246590909,0.323548336,0.13411144
265,2016,1610612750,West,13.0,0.354,-3.5,15.0,0.195,-8.8,10.0,0.488,2.7,12.0,0.378,-2.4,0,0.0,0.069702766,0.11373586
266,2016,1610612747,West,15.0,0.207,-9.6,14.0,0.256,-6.8,14.0,0.329,-6.3,7.0,0.549,1.2,0,0.066073232,0.086270358,0.119323299
267,2016,1610612755,East,15.0,0.122,-10.2,14.0,0.22,-9.0,14.0,0.232,-10.5,9.0,0.415,-3.3,0,0.136822992,0.059864968,0.115124765
268,2016,1610612756,West,14.0,0.28,-6.7,10.0,0.476,-0.9,9.0,0.585,2.6,15.0,0.305,-6.5,0,0.136363636,0.055894025,0.11194829
269,2016,1610612751,East,14.0,0.256,-7.4,8.0,0.463,-2.9,6.0,0.537,-1.0,4.0,0.598,1.8,0,0.117544192,0.037647737,0.108630291
270,2017,1610612745,West,3.0,0.671,5.8,8.0,0.5,0.2,2.0,0.683,3.4,4.0,0.659,4.6,1,0.185757576,0.063200471,0.124324394
271,2017,1610612761,East,3.0,0.622,4.2,2.0,0.683,4.5,4.0,0.598,3.1,3.0,0.585,3.2,1,0.0,0.024620191,0.126553703
272,2017,1610612744,West,1.0,0.817,11.6,1.0,0.89,10.8,1.0,0.817,10.1,6.0,0.622,4.8,1,0.111723895,0.215342628,0.12523103
273,2017,1610612738,East,1.0,0.646,2.6,5.0,0.585,3.2,7.0,0.488,0.2,12.0,0.305,-4.5,1,0.104166667,0.080969823,0.130781816
274,2017,1610612757,West,8.0,0.5,-0.5,5.0,0.537,0.8,4.0,0.622,4.2,5.0,0.659,4.0,1,0.059027778,0.053230758,0.111432127
275,2017,1610612755,East,14.0,0.341,-5.7,15.0,0.122,-10.2,14.0,0.22,-9.0,14.0,0.232,-10.5,1,0.120811012,0.086681061,0.117113391
276,2017,1610612739,East,2.0,0.622,3.2,1.0,0.695,6.0,2.0,0.646,4.5,10.0,0.402,-3.3,1,0.179513889,0.097510526,0.127815126
277,2017,1610612760,West,6.0,0.573,0.8,3.0,0.671,7.3,9.0,0.549,2.2,2.0,0.72,6.3,1,0.2,0.084511583,0.116734294
278,2017,1610612762,West,5.0,0.622,3.9,9.0,0.488,1.8,11.0,0.463,0.2,15.0,0.305,-7.2,1,0.0,0.089576209,0.132168939
279,2017,1610612754,East,7.0,0.512,-0.2,7.0,0.549,1.7,9.0,0.463,0.3,1.0,0.683,4.4,1,0.2,0.048328698,0.134126201
280,2017,1610612748,East,9.0,0.5,1.1,3.0,0.585,1.6,10.0,0.451,-2.6,2.0,0.659,4.8,1,0.135,0.094388481,0.113279241
281,2017,1610612740,West,10.0,0.415,-2.1,12.0,0.366,-3.8,8.0,0.549,0.8,12.0,0.415,-2.7,1,0.0,0.148537636,0.12759605
282,2017,1610612759,West,2.0,0.744,7.2,2.0,0.817,10.6,6.0,0.671,6.2,1.0,0.756,7.7,1,0.219791667,0.086107118,0.120222134
283,2017,1610612749,East,6.0,0.512,-0.2,12.0,0.402,-4.2,6.0,0.5,0.4,15.0,0.183,-8.2,1,0.16969697,0.090431891,0.120847068
284,2017,1610612764,East,4.0,0.598,1.8,10.0,0.5,-0.5,5.0,0.561,0.7,5.0,0.537,1.3,1,0.0,0.06496109,0.12421778
285,2017,1610612750,West,13.0,0.378,-1.1,13.0,0.354,-3.5,15.0,0.195,-8.8,10.0,0.488,2.7,1,0.0,0.0929232,0.102559668
286,2017,1610612765,East,10.0,0.451,-1.1,8.0,0.537,0.6,12.0,0.39,-1.0,11.0,0.354,-3.7,0,0.0,0.053849742,0.109254979
287,2017,1610612743,West,9.0,0.488,0.5,11.0,0.402,-3.1,12.0,0.366,-3.5,11.0,0.439,-2.1,0,0.0,0.093482044,0.127079744
288,2017,1610612766,East,11.0,0.439,0.2,6.0,0.585,2.7,11.0,0.402,-3.2,7.0,0.524,-0.2,0,0.0,0.073580756,0.097332315
289,2017,1610612746,West,4.0,0.622,4.3,4.0,0.646,4.3,3.0,0.683,6.6,3.0,0.695,7.0,0,0.0,0.055475472,0.118175673
290,2017,1610612752,East,12.0,0.378,-3.7,13.0,0.39,-2.7,15.0,0.207,-9.3,9.0,0.451,-0.8,0,0.081989702,0.128444012,0.112563964
291,2017,1610612747,West,14.0,0.317,-6.9,15.0,0.207,-9.6,14.0,0.256,-6.8,14.0,0.329,-6.3,0,0.17945928,0.078996823,0.120586525
292,2017,1610612758,West,12.0,0.39,-3.9,10.0,0.402,-2.5,13.0,0.354,-3.7,13.0,0.341,-2.9,0,0.315740741,0.086524275,0.093347391
293,2017,1610612751,East,15.0,0.244,-6.7,14.0,0.256,-7.4,8.0,0.463,-2.9,6.0,0.537,-1.0,0,0.189613095,0.056940138,0.112025062
294,2017,1610612741,East,8.0,0.5,0.4,9.0,0.512,-1.5,3.0,0.61,3.0,4.0,0.585,1.9,0,0.078863636,0.067358268,0.130342088
295,2017,1610612742,West,11.0,0.402,-2.9,6.0,0.512,-0.3,7.0,0.61,2.9,8.0,0.598,2.4,0,0.0,0.095031298,0.11700457
296,2017,1610612753,East,13.0,0.354,-6.6,11.0,0.427,-1.6,13.0,0.305,-5.7,13.0,0.28,-5.4,0,0.5,0.267133666,0.169431996
297,2017,1610612763,West,7.0,0.524,0.5,7.0,0.512,-2.2,5.0,0.671,3.2,7.0,0.61,1.6,0,0.0,0.080176149,0.114027606
298,2017,1610612737,East,5.0,0.524,-0.9,4.0,0.585,3.6,1.0,0.732,5.4,8.0,0.463,-0.5,0,0.176866883,0.067452326,0.108157218
299,2017,1610612756,West,15.0,0.293,-5.6,14.0,0.28,-6.7,10.0,0.476,-0.9,9.0,0.585,2.6,0,0.0,0.076704667,0.115296367
300,2018,1610612744,West,2.0,0.707,6.0,1.0,0.817,11.6,1.0,0.89,10.8,1.0,0.817,10.1,1,0.176697531,0.225938278,0.131284531
301,2018,1610612749,East,7.0,0.537,-0.3,6.0,0.512,-0.2,12.0,0.402,-4.2,6.0,0.5,0.4,1,0.1,0.087374402,0.126387141
302,2018,1610612743,West,9.0,0.561,1.5,9.0,0.488,0.5,11.0,0.402,-3.1,12.0,0.366,-3.5,1,0.0,0.097299999,0.133953526
303,2018,1610612761,East,1.0,0.72,7.8,3.0,0.622,4.2,2.0,0.683,4.5,4.0,0.598,3.1,1,0.069047619,0.090248463,0.127892934
304,2018,1610612757,West,3.0,0.598,2.6,8.0,0.5,-0.5,5.0,0.537,0.8,4.0,0.622,4.2,1,0.0,0.072630055,0.124802572
305,2018,1610612755,East,3.0,0.634,4.5,14.0,0.341,-5.7,15.0,0.122,-10.2,14.0,0.22,-9.0,1,0.248674242,0.094967771,0.11408841
306,2018,1610612745,West,1.0,0.793,8.5,3.0,0.671,5.8,8.0,0.5,0.2,2.0,0.683,3.4,1,0.033333333,0.068561962,0.116139392
307,2018,1610612738,East,2.0,0.671,3.6,1.0,0.646,2.6,5.0,0.585,3.2,7.0,0.488,0.2,1,0.053571429,0.093484919,0.122540421
308,2018,1610612762,West,5.0,0.585,4.3,5.0,0.622,3.9,9.0,0.488,1.8,11.0,0.463,0.2,1,0.0,0.11260847,0.133209382
309,2018,1610612754,East,5.0,0.585,1.4,7.0,0.512,-0.2,7.0,0.549,1.7,9.0,0.463,0.3,1,0.0,0.099100864,0.12916216
310,2018,1610612760,West,4.0,0.585,3.4,6.0,0.573,0.8,3.0,0.671,7.3,9.0,0.549,2.2,1,0.033333333,0.113420764,0.108839287
311,2018,1610612751,East,12.0,0.341,-3.7,15.0,0.244,-6.7,14.0,0.256,-7.4,8.0,0.463,-2.9,1,-0.059652778,0.098099381,0.114162058
312,2018,1610612759,West,7.0,0.573,2.9,2.0,0.744,7.2,2.0,0.817,10.6,6.0,0.671,6.2,1,0.1593546,0.100557943,0.125551688
313,2018,1610612753,East,14.0,0.305,-4.8,13.0,0.354,-6.6,11.0,0.427,-1.6,13.0,0.305,-5.7,1,0.13030303,0.238477143,0.139563749
314,2018,1610612765,East,9.0,0.476,-0.1,10.0,0.451,-1.1,8.0,0.537,0.6,12.0,0.39,-1.0,1,0.125,0.087503191,0.119124174
315,2018,1610612746,West,10.0,0.512,0.0,4.0,0.622,4.3,4.0,0.646,4.3,3.0,0.683,6.6,1,0.129464286,0.07415888,0.120055696
316,2018,1610612766,East,10.0,0.439,0.3,11.0,0.439,0.2,6.0,0.585,2.7,11.0,0.402,-3.2,0,0.004166667,0.074981288,0.083933645
317,2018,1610612758,West,12.0,0.329,-7.0,12.0,0.39,-3.9,10.0,0.402,-2.5,13.0,0.354,-3.7,0,0.151489899,0.080573423,0.118915166
318,2018,1610612747,West,11.0,0.427,-1.5,14.0,0.317,-6.9,15.0,0.207,-9.6,14.0,0.256,-6.8,0,0.066784812,0.088532345,0.118455221
319,2018,1610612748,East,6.0,0.537,0.5,9.0,0.5,1.1,3.0,0.585,1.6,10.0,0.451,-2.6,0,0.0125,0.081826968,0.122460113
320,2018,1610612764,East,8.0,0.524,0.6,4.0,0.598,1.8,10.0,0.5,-0.5,5.0,0.561,0.7,0,0.0,0.068112305,0.099235893
321,2018,1610612750,West,8.0,0.573,2.2,13.0,0.378,-1.1,13.0,0.354,-3.5,15.0,0.195,-8.8,0,0.133333333,0.098124348,0.103140283
322,2018,1610612737,East,15.0,0.293,-5.5,5.0,0.524,-0.9,4.0,0.585,3.6,1.0,0.732,5.4,0,0.159090909,0.090247308,0.11979122
323,2018,1610612763,West,14.0,0.268,-6.2,7.0,0.524,0.5,7.0,0.512,-2.2,5.0,0.671,3.2,0,0.0,0.094633119,0.117464418
324,2018,1610612741,East,13.0,0.329,-7.0,8.0,0.5,0.4,9.0,0.512,-1.5,3.0,0.61,3.0,0,0.0,0.082693655,0.144795928
325,2018,1610612740,West,6.0,0.585,1.3,10.0,0.415,-2.1,12.0,0.366,-3.8,8.0,0.549,0.8,0,0.066666667,0.140471799,0.124984547
326,2018,1610612739,East,4.0,0.61,0.9,2.0,0.622,3.2,1.0,0.695,6.0,2.0,0.646,4.5,0,0.194462121,0.091156783,0.126837652
327,2018,1610612742,West,13.0,0.293,-3.0,11.0,0.402,-2.9,6.0,0.512,-0.3,7.0,0.61,2.9,0,0.128030303,0.096377597,0.125404528
328,2018,1610612752,East,11.0,0.354,-3.6,12.0,0.378,-3.7,13.0,0.39,-2.7,15.0,0.207,-9.3,0,0.065909091,0.110321882,0.102086155
329,2018,1610612756,West,15.0,0.256,-9.4,15.0,0.293,-5.6,14.0,0.28,-6.7,10.0,0.476,-0.9,0,0.078571429,0.095539352,0.110220252
330,2019,1610612747,West,10.0,0.451,-1.7,11.0,0.427,-1.5,14.0,0.317,-6.9,15.0,0.207,-9.6,1,0.065641534,0.081736022,0.128261826
331,2019,1610612749,East,1.0,0.732,8.9,7.0,0.537,-0.3,6.0,0.512,-0.2,12.0,0.402,-4.2,1,0.044444444,0.124684756,0.124944113
332,2019,1610612746,West,8.0,0.585,0.9,10.0,0.512,0.0,4.0,0.622,4.3,4.0,0.646,4.3,1,0.175972222,0.099787327,0.101837968
333,2019,1610612761,East,2.0,0.707,6.1,1.0,0.72,7.8,3.0,0.622,4.2,2.0,0.683,4.5,1,0.236595118,0.114868252,0.121333751
334,2019,1610612743,West,2.0,0.659,4.0,9.0,0.561,1.5,9.0,0.488,0.5,11.0,0.402,-3.1,1,-0.36,0.116695779,0.132758022
335,2019,1610612738,East,4.0,0.598,4.4,2.0,0.671,3.6,1.0,0.646,2.6,5.0,0.585,3.2,1,0.171666667,0.112803521,0.122250281
336,2019,1610612754,East,5.0,0.585,3.3,5.0,0.585,1.4,7.0,0.512,-0.2,7.0,0.549,1.7,1,0.0,0.080606428,0.133178616
337,2019,1610612745,West,4.0,0.646,4.8,1.0,0.793,8.5,3.0,0.671,5.8,8.0,0.5,0.2,1,0.052414021,0.042407041,0.122523135
338,2019,1610612748,East,10.0,0.476,-0.2,6.0,0.537,0.5,9.0,0.5,1.1,3.0,0.585,1.6,1,0.035670996,0.102164359,0.132956056
339,2019,1610612760,West,6.0,0.598,3.4,4.0,0.585,3.4,6.0,0.573,0.8,3.0,0.671,7.3,1,0.225,0.079799295,0.119317124
340,2019,1610612762,West,5.0,0.61,5.3,5.0,0.585,4.3,5.0,0.622,3.9,9.0,0.488,1.8,1,0.266666667,0.119615694,0.132920313
341,2019,1610612755,East,3.0,0.622,2.7,3.0,0.634,4.5,14.0,0.341,-5.7,15.0,0.122,-10.2,1,0.0375,0.10733688,0.12153398
342,2019,1610612751,East,6.0,0.512,-0.1,12.0,0.341,-3.7,15.0,0.244,-6.7,14.0,0.256,-7.4,1,0.246233766,0.049819034,0.128244783
343,2019,1610612742,West,14.0,0.402,-1.3,13.0,0.293,-3.0,11.0,0.402,-2.9,6.0,0.512,-0.3,1,0.0,0.081306766,0.128914809
344,2019,1610612753,East,7.0,0.512,0.7,14.0,0.305,-4.8,13.0,0.354,-6.6,11.0,0.427,-1.6,1,0.0,0.186183616,0.135531291
345,2019,1610612757,West,3.0,0.646,4.2,3.0,0.598,2.6,8.0,0.5,-0.5,5.0,0.537,0.8,1,0.0,0.089452793,0.134128616
346,2019,1610612763,West,12.0,0.402,-2.6,14.0,0.268,-6.2,7.0,0.524,0.5,7.0,0.512,-2.2,0,0.073636364,0.086191532,0.120459037
347,2019,1610612764,East,11.0,0.39,-2.9,8.0,0.524,0.6,4.0,0.598,1.8,10.0,0.5,-0.5,0,0.15625,0.05946982,0.121986759
348,2019,1610612766,East,9.0,0.476,-1.1,10.0,0.439,0.3,11.0,0.439,0.2,6.0,0.585,2.7,0,0.0,0.068306926,0.118328878
349,2019,1610612756,West,15.0,0.232,-9.3,15.0,0.256,-9.4,15.0,0.293,-5.6,14.0,0.28,-6.7,0,0.0,0.088032986,0.133338652
350,2019,1610612741,East,13.0,0.268,-8.4,13.0,0.329,-7.0,8.0,0.5,0.4,9.0,0.512,-1.5,0,0.0,0.08371934,0.144219522
351,2019,1610612759,West,7.0,0.585,1.7,7.0,0.573,2.9,2.0,0.744,7.2,2.0,0.817,10.6,0,0.180357143,0.106591498,0.133308032
352,2019,1610612752,East,15.0,0.207,-9.2,11.0,0.354,-3.6,12.0,0.378,-3.7,13.0,0.39,-2.7,0,0.174493822,0.08933803,0.115276572
353,2019,1610612758,West,9.0,0.476,-1.1,12.0,0.329,-7.0,12.0,0.39,-3.9,10.0,0.402,-2.5,0,0.148333333,0.116105084,0.111049154
354,2019,1610612765,East,8.0,0.5,-0.2,9.0,0.476,-0.1,10.0,0.451,-1.1,8.0,0.537,0.6,0,0.0,0.098579475,0.115386816
355,2019,1610612740,West,13.0,0.402,-1.3,6.0,0.585,1.3,10.0,0.415,-2.1,12.0,0.366,-3.8,0,0.095968943,0.136394942,0.12401362
356,2019,1610612737,East,12.0,0.354,-6.0,15.0,0.293,-5.5,5.0,0.524,-0.9,4.0,0.585,3.6,0,0.0,0.095757419,0.130400923
357,2019,1610612750,West,11.0,0.439,-1.5,8.0,0.573,2.2,13.0,0.378,-1.1,13.0,0.354,-3.5,0,0.02,0.084125384,0.112111784
358,2019,1610612744,West,1.0,0.695,6.5,2.0,0.707,6.0,1.0,0.817,11.6,1.0,0.89,10.8,0,0.153954082,0.219904336,0.139509341
359,2019,1610612739,East,14.0,0.232,-9.6,4.0,0.61,0.9,2.0,0.622,3.2,1.0,0.695,6.0,0,0.085227273,0.087041585,0.133248618
360,2020,1610612755,East,6.0,0.589,2.4,3.0,0.622,2.7,3.0,0.634,4.5,14.0,0.341,-5.7,1,0.518181818,0.098907936,0.093468301
361,2020,1610612762,West,6.0,0.611,2.5,5.0,0.61,5.3,5.0,0.585,4.3,5.0,0.622,3.9,1,-0.3,0.096140932,0.122093322
362,2020,1610612756,West,10.0,0.466,0.2,15.0,0.232,-9.3,15.0,0.256,-9.4,15.0,0.293,-5.6,1,0.086792929,0.083188598,0.133175365
363,2020,1610612751,East,7.0,0.486,-0.6,6.0,0.512,-0.1,12.0,0.341,-3.7,15.0,0.244,-6.7,1,0.147559524,0.09012908,0.13123031
364,2020,1610612743,West,3.0,0.63,2.1,2.0,0.659,4.0,9.0,0.561,1.5,9.0,0.488,0.5,1,0.009276438,0.000588408,0.135855953
365,2020,1610612749,East,1.0,0.767,10.1,1.0,0.732,8.9,7.0,0.537,-0.3,6.0,0.512,-0.2,1,0.17463468,0.103650814,0.125658251
366,2020,1610612746,West,2.0,0.681,6.4,8.0,0.585,0.9,10.0,0.512,0.0,4.0,0.622,4.3,1,0.159375,0.086295048,0.116918479
367,2020,1610612752,East,12.0,0.318,-6.5,15.0,0.207,-9.2,11.0,0.354,-3.6,12.0,0.378,-3.7,1,0.138053498,0.143963209,0.124174491
368,2020,1610612742,West,7.0,0.573,4.9,14.0,0.402,-1.3,13.0,0.293,-3.0,11.0,0.402,-2.9,1,0.0,0.074768631,0.120921271
369,2020,1610612737,East,14.0,0.299,-8.0,12.0,0.354,-6.0,15.0,0.293,-5.5,5.0,0.524,-0.9,1,0.325,0.105458727,0.129099623
370,2020,1610612748,East,5.0,0.603,2.9,10.0,0.476,-0.2,6.0,0.537,0.5,9.0,0.5,1.1,1,0.05,0.09822232,0.126423833
371,2020,1610612757,West,8.0,0.473,-1.1,3.0,0.646,4.2,3.0,0.598,2.6,8.0,0.5,-0.5,1,0.0,0.08325353,0.117714951
372,2020,1610612747,West,1.0,0.732,5.8,10.0,0.451,-1.7,11.0,0.427,-1.5,14.0,0.317,-6.9,1,0.137205988,0.083646309,0.131488523
373,2020,1610612738,East,3.0,0.667,6.3,4.0,0.598,4.4,2.0,0.671,3.6,1.0,0.646,2.6,1,0.166666667,0.078390918,0.118359927
374,2020,1610612763,West,9.0,0.466,-1.1,12.0,0.402,-2.6,14.0,0.268,-6.2,7.0,0.524,0.5,1,0.0,0.086294652,0.130668878
375,2020,1610612764,East,9.0,0.347,-4.7,11.0,0.39,-2.9,8.0,0.524,0.6,4.0,0.598,1.8,1,-0.3,0.077408177,0.11522013
376,2020,1610612744,West,15.0,0.231,-8.7,1.0,0.695,6.5,2.0,0.707,6.0,1.0,0.817,11.6,0,0.169928752,0.206307681,0.136870615
377,2020,1610612754,East,4.0,0.616,2.0,5.0,0.585,3.3,5.0,0.585,1.4,7.0,0.512,-0.2,0,0.0,0.061559282,0.118531482
378,2020,1610612759,West,11.0,0.451,-1.1,7.0,0.585,1.7,7.0,0.573,2.9,2.0,0.744,7.2,0,0.0,0.091726612,0.127403358
379,2020,1610612766,East,10.0,0.354,-6.8,9.0,0.476,-1.1,10.0,0.439,0.3,11.0,0.439,0.2,0,0.10625,0.076994956,0.122613199
380,2020,1610612740,West,13.0,0.417,-1.3,13.0,0.402,-1.3,6.0,0.585,1.3,10.0,0.415,-2.1,0,0.105315055,0.131460159,0.110286636
381,2020,1610612741,East,11.0,0.338,-3.1,13.0,0.268,-8.4,13.0,0.329,-7.0,8.0,0.5,0.4,0,0.146153846,0.107733819,0.139582163
382,2020,1610612758,West,12.0,0.431,-2.0,9.0,0.476,-1.1,12.0,0.329,-7.0,12.0,0.39,-3.9,0,0.0,0.093528486,0.106520557
383,2020,1610612761,East,2.0,0.736,6.2,2.0,0.707,6.1,1.0,0.72,7.8,3.0,0.622,4.2,0,-0.3,0.071849818,0.122824116
384,2020,1610612739,East,15.0,0.292,-7.9,14.0,0.232,-9.6,4.0,0.61,0.9,2.0,0.622,3.2,0,0.0,0.082936192,0.126588297
385,2020,1610612750,West,14.0,0.297,-4.3,11.0,0.439,-1.5,8.0,0.573,2.2,13.0,0.378,-1.1,0,0.115625,0.083733252,0.104682126
386,2020,1610612760,West,5.0,0.611,2.0,6.0,0.598,3.4,4.0,0.585,3.4,6.0,0.573,0.8,0,0.0,0.0511116,0.113103806
387,2020,1610612753,East,8.0,0.452,-1.0,7.0,0.512,0.7,14.0,0.305,-4.8,13.0,0.354,-6.6,0,0.1890625,0.218912802,0.124486069
388,2020,1610612745,West,4.0,0.611,3.0,4.0,0.646,4.8,1.0,0.793,8.5,3.0,0.671,5.8,0,0.103472222,0.075954474,0.119333499
389,2020,1610612765,East,13.0,0.303,-3.6,8.0,0.5,-0.2,9.0,0.476,-0.1,10.0,0.451,-1.1,0,0.0,0.074657385,0.109381009
390,2021,1610612748,East,6.0,0.556,0.0,5.0,0.603,2.9,10.0,0.476,-0.2,6.0,0.537,0.5,1,0.143428571,0.109369761,0.1226362
391,2021,1610612756,West,2.0,0.708,5.8,10.0,0.466,0.2,15.0,0.232,-9.3,15.0,0.256,-9.4,1,0.105555556,0.096911788,0.107370384
392,2021,1610612738,East,7.0,0.5,1.5,3.0,0.667,6.3,4.0,0.598,4.4,2.0,0.671,3.6,1,0.0,0.098919523,0.11133882
393,2021,1610612763,West,8.0,0.528,1.0,9.0,0.466,-1.1,12.0,0.402,-2.6,14.0,0.268,-6.2,1,0.0,0.062128884,0.129082924
394,2021,1610612744,West,9.0,0.542,1.1,15.0,0.231,-8.7,1.0,0.695,6.5,2.0,0.707,6.0,1,0.219047619,0.225482046,0.133894222
395,2021,1610612749,East,3.0,0.639,5.9,1.0,0.767,10.1,1.0,0.732,8.9,7.0,0.537,-0.3,1,0.180582011,0.104262227,0.133458786
396,2021,1610612742,West,5.0,0.583,2.3,7.0,0.573,4.9,14.0,0.402,-1.3,13.0,0.293,-3.0,1,0.0,0.064682431,0.110765338
397,2021,1610612755,East,1.0,0.681,5.6,6.0,0.589,2.4,3.0,0.622,2.7,3.0,0.634,4.5,1,0.0,0.067818979,0.108117716
398,2021,1610612761,East,12.0,0.375,-0.5,2.0,0.736,6.2,2.0,0.707,6.1,1.0,0.72,7.8,1,0.073636364,0.092490222,0.129869734
399,2021,1610612762,West,1.0,0.722,9.3,6.0,0.611,2.5,5.0,0.61,5.3,5.0,0.585,4.3,1,0.193560606,0.131423975,0.12064012
400,2021,1610612743,West,3.0,0.653,4.9,3.0,0.63,2.1,2.0,0.659,4.0,9.0,0.561,1.5,1,0.0,0.073990355,0.134523139
401,2021,1610612741,East,11.0,0.431,-0.9,11.0,0.338,-3.1,13.0,0.268,-8.4,13.0,0.329,-7.0,1,0.193560606,0.110624562,0.138307365
402,2021,1610612750,West,13.0,0.319,-5.6,14.0,0.297,-4.3,11.0,0.439,-1.5,8.0,0.573,2.2,1,0.0,0.049470576,0.115397383
403,2021,1610612751,East,2.0,0.667,4.5,7.0,0.486,-0.6,6.0,0.512,-0.1,12.0,0.341,-3.7,1,0.150751782,0.066252554,0.118696741
404,2021,1610612740,West,11.0,0.431,-0.3,13.0,0.417,-1.3,13.0,0.402,-1.3,6.0,0.585,1.3,1,0.0,0.123538205,0.137475053
405,2021,1610612737,East,5.0,0.569,2.3,14.0,0.299,-8.0,12.0,0.354,-6.0,15.0,0.293,-5.5,1,0.0,0.086968287,0.120719439
406,2021,1610612746,West,4.0,0.653,6.2,2.0,0.681,6.4,8.0,0.585,0.9,10.0,0.512,0.0,0,0.105555556,0.069863045,0.131819176
407,2021,1610612739,East,13.0,0.306,-8.4,15.0,0.292,-7.9,14.0,0.232,-9.6,4.0,0.61,0.9,0,0.0,0.060471427,0.132559084
408,2021,1610612759,West,10.0,0.458,-1.7,11.0,0.451,-1.1,7.0,0.585,1.7,7.0,0.573,2.9,0,0.062121212,0.085126,0.134741961
409,2021,1610612766,East,10.0,0.458,-1.9,10.0,0.354,-6.8,9.0,0.476,-1.1,10.0,0.439,0.3,0,0.0,0.077000681,0.095257112
410,2021,1610612747,West,7.0,0.583,2.8,1.0,0.732,5.8,10.0,0.451,-1.7,11.0,0.427,-1.5,0,0.081502525,0.111619975,0.103879205
411,2021,1610612752,East,4.0,0.569,2.3,12.0,0.318,-6.5,15.0,0.207,-9.2,11.0,0.354,-3.6,0,0.226262626,0.141173859,0.114794603
412,2021,1610612758,West,12.0,0.431,-3.7,12.0,0.431,-2.0,9.0,0.476,-1.1,12.0,0.329,-7.0,0,0.0,0.102017567,0.108088755
413,2021,1610612764,East,8.0,0.472,-1.8,9.0,0.347,-4.7,11.0,0.39,-2.9,8.0,0.524,0.6,0,0.0,0.061059717,0.106255411
414,2021,1610612757,West,6.0,0.583,1.8,8.0,0.473,-1.1,3.0,0.646,4.2,3.0,0.598,2.6,0,0.0,0.086264064,0.120881587
415,2021,1610612754,East,9.0,0.472,0.0,4.0,0.616,2.0,5.0,0.585,3.3,5.0,0.585,1.4,0,0.0,0.057987609,0.118084276
416,2021,1610612760,West,14.0,0.306,-10.6,5.0,0.611,2.0,6.0,0.598,3.4,4.0,0.585,3.4,0,0.0,0.077089174,0.120268968
417,2021,1610612765,East,15.0,0.278,-4.5,13.0,0.303,-3.6,8.0,0.5,-0.2,9.0,0.476,-0.1,0,0.225,0.067623385,0.12672801
418,2021,1610612745,West,15.0,0.236,-7.9,4.0,0.611,3.0,4.0,0.646,4.8,1.0,0.793,8.5,0,0.0,0.053614388,0.121003896
419,2021,1610612753,East,14.0,0.292,-9.3,8.0,0.452,-1.0,7.0,0.512,0.7,14.0,0.305,-4.8,0,0.0,0.231509415,0.277337503
