,year,sentiment_score,team_name
0,2006-2007,0.0,hawks
1,2007-2008,0.0,hawks
2,2008-2009,0.0,hawks
3,2009-2010,0.0,hawks
4,2010-2011,0.12007763787538671,hawks
5,2011-2012,0.10874898837560643,hawks
6,2012-2013,0.1105076402169268,hawks
7,2013-2014,0.117954991618823,hawks
8,2014-2015,0.125020273013294,hawks
9,2015-2016,0.12437718253756076,hawks
10,2016-2017,0.1046565113712565,hawks
11,2017-2018,0.10815721754959438,hawks
12,2018-2019,0.11979122004196374,hawks
13,2019-2020,0.13040092310750978,hawks
14,2020-2021,0.12909962310286763,hawks
15,2021-2022,0.12071943929998068,hawks
16,2006-2007,0.0,celtics
17,2007-2008,0.0,celtics
18,2008-2009,0.0,celtics
19,2009-2010,0.0,celtics
20,2010-2011,0.11369382898818876,celtics
21,2011-2012,0.12091544697809162,celtics
22,2012-2013,0.09856709796920679,celtics
23,2013-2014,0.1074394199858553,celtics
24,2014-2015,0.11938588719923691,celtics
25,2015-2016,0.12661158828473024,celtics
26,2016-2017,0.11563252231932293,celtics
27,2017-2018,0.13078181607885747,celtics
28,2018-2019,0.12254042101240571,celtics
29,2019-2020,0.12225028116195091,celtics
30,2020-2021,0.11835992734290285,celtics
31,2021-2022,0.11133882003810586,celtics
32,2006-2007,0.0,nets
33,2007-2008,0.0,nets
34,2008-2009,0.0,nets
35,2009-2010,0.0,nets
36,2010-2011,0.1358116273781351,nets
37,2011-2012,0.10822116805263203,nets
38,2012-2013,0.10905065046830462,nets
39,2013-2014,0.10859058637825256,nets
40,2014-2015,0.09330155148821534,nets
41,2015-2016,0.10021717174055159,nets
42,2016-2017,0.10863029082262549,nets
43,2017-2018,0.11202506161671852,nets
44,2018-2019,0.11416205824351337,nets
45,2019-2020,0.12824478317379498,nets
46,2020-2021,0.13123031040442196,nets
47,2021-2022,0.11869674107390639,nets
48,2006-2007,0.0,hornets
49,2007-2008,0.0,hornets
50,2008-2009,0.0,hornets
51,2009-2010,0.0,hornets
52,2010-2011,0.12202691249084086,hornets
53,2011-2012,0.11899609830312194,hornets
54,2012-2013,0.10454989438611044,hornets
55,2013-2014,0.1231370037233854,hornets
56,2014-2015,0.11575819082751904,hornets
57,2015-2016,0.11824113587380214,hornets
58,2016-2017,0.1064129406881105,hornets
59,2017-2018,0.09733231478004387,hornets
60,2018-2019,0.08393364534608053,hornets
61,2019-2020,0.11832887823716039,hornets
62,2020-2021,0.12261319887430307,hornets
63,2021-2022,0.09525711172895308,hornets
64,2006-2007,0.0,bulls
65,2007-2008,0.0,bulls
66,2008-2009,0.0,bulls
67,2009-2010,0.0,bulls
68,2010-2011,0.1480844231829746,bulls
69,2011-2012,0.1435185516564204,bulls
70,2012-2013,0.14260586332244227,bulls
71,2013-2014,0.14409253078603115,bulls
72,2014-2015,0.13505652657208414,bulls
73,2015-2016,0.12621719325259187,bulls
74,2016-2017,0.10608595924718177,bulls
75,2017-2018,0.13034208839654696,bulls
76,2018-2019,0.14479592824211465,bulls
77,2019-2020,0.14421952165414573,bulls
78,2020-2021,0.13958216290277883,bulls
79,2021-2022,0.1383073651968034,bulls
80,2006-2007,0.0,cavs
81,2007-2008,0.0,cavs
82,2008-2009,-0.0625,cavs
83,2009-2010,0.0,cavs
84,2010-2011,0.11245619032248597,cavs
85,2011-2012,0.11226608804529212,cavs
86,2012-2013,0.12934152261723442,cavs
87,2013-2014,0.11977503088339866,cavs
88,2014-2015,0.13099524521796,cavs
89,2015-2016,0.12049140959038837,cavs
90,2016-2017,0.12163653596617549,cavs
91,2017-2018,0.1278151262474893,cavs
92,2018-2019,0.1268376517230438,cavs
93,2019-2020,0.13324861806183058,cavs
94,2020-2021,0.12658829675606603,cavs
95,2021-2022,0.13255908419442827,cavs
96,2006-2007,0.0,mavericks
97,2007-2008,0.0,mavericks
98,2008-2009,0.0,mavericks
99,2009-2010,0.0,mavericks
100,2010-2011,0.11824060268792388,mavericks
101,2011-2012,0.10807234967301033,mavericks
102,2012-2013,0.11997924312832108,mavericks
103,2013-2014,0.1239969008649544,mavericks
104,2014-2015,0.1004155403862516,mavericks
105,2015-2016,0.10591697342144088,mavericks
106,2016-2017,0.12419396915521978,mavericks
107,2017-2018,0.1170045702442574,mavericks
108,2018-2019,0.12540452809079988,mavericks
109,2019-2020,0.12891480877767728,mavericks
110,2020-2021,0.1209212705331562,mavericks
111,2021-2022,0.11076533805349321,mavericks
112,2006-2007,0.0,nuggets
113,2007-2008,0.0,nuggets
114,2008-2009,0.0,nuggets
115,2009-2010,0.0,nuggets
116,2010-2011,0.1298506053019277,nuggets
117,2011-2012,0.1440602804172819,nuggets
118,2012-2013,0.112723650454017,nuggets
119,2013-2014,0.1268203154943325,nuggets
120,2014-2015,0.11503494616679621,nuggets
121,2015-2016,0.12410070144065259,nuggets
122,2016-2017,0.1230354641316016,nuggets
123,2017-2018,0.12707974389316268,nuggets
124,2018-2019,0.13395352648877948,nuggets
125,2019-2020,0.13275802187251529,nuggets
126,2020-2021,0.13585595319878155,nuggets
127,2021-2022,0.13452313919936393,nuggets
128,2006-2007,0.0,pistons
129,2007-2008,0.0,pistons
130,2008-2009,0.0,pistons
131,2009-2010,0.0,pistons
132,2010-2011,0.12324119667392226,pistons
133,2011-2012,0.10507496127499567,pistons
134,2012-2013,0.12357399585453521,pistons
135,2013-2014,0.11278697242063687,pistons
136,2014-2015,0.12013269349056889,pistons
137,2015-2016,0.11891301099650872,pistons
138,2016-2017,0.1113245293496627,pistons
139,2017-2018,0.10925497899713718,pistons
140,2018-2019,0.1191241740830881,pistons
141,2019-2020,0.11538681571465506,pistons
142,2020-2021,0.10938100878058082,pistons
143,2021-2022,0.12672800982408705,pistons
144,2006-2007,0.0,warriors
145,2007-2008,0.0,warriors
146,2008-2009,0.0,warriors
147,2009-2010,0.0,warriors
148,2010-2011,0.10380568472496544,warriors
149,2011-2012,0.11854288533487976,warriors
150,2012-2013,0.11674750949148677,warriors
151,2013-2014,0.1312276831296666,warriors
152,2014-2015,0.12465008000565886,warriors
153,2015-2016,0.1032264269962454,warriors
154,2016-2017,0.12949562431677997,warriors
155,2017-2018,0.1252310304644285,warriors
156,2018-2019,0.13128453146452668,warriors
157,2019-2020,0.1395093410490872,warriors
158,2020-2021,0.13687061517343413,warriors
159,2021-2022,0.13389422153969097,warriors
160,2006-2007,0.0,rockets
161,2007-2008,0.0,rockets
162,2008-2009,0.0,rockets
163,2009-2010,0.0,rockets
164,2010-2011,0.1059848685122752,rockets
165,2011-2012,0.10322180690165005,rockets
166,2012-2013,0.11784951210366429,rockets
167,2013-2014,0.09596950546741663,rockets
168,2014-2015,0.11398477937902449,rockets
169,2015-2016,0.10602747674143173,rockets
170,2016-2017,0.11151795418820175,rockets
171,2017-2018,0.12432439398733851,rockets
172,2018-2019,0.11613939181118586,rockets
173,2019-2020,0.12252313464033739,rockets
174,2020-2021,0.11933349881248335,rockets
175,2021-2022,0.12100389591402068,rockets
176,2006-2007,0.0,pacers
177,2007-2008,0.0,pacers
178,2008-2009,0.0,pacers
179,2009-2010,0.0,pacers
180,2010-2011,0.1427496695449508,pacers
181,2011-2012,0.11604701316748585,pacers
182,2012-2013,0.13117376121901017,pacers
183,2013-2014,0.10791488656738772,pacers
184,2014-2015,0.12721376584749883,pacers
185,2015-2016,0.13322690899136952,pacers
186,2016-2017,0.10900959044661745,pacers
187,2017-2018,0.1341262012070673,pacers
188,2018-2019,0.1291621604410958,pacers
189,2019-2020,0.1331786158771425,pacers
190,2020-2021,0.11853148226351698,pacers
191,2021-2022,0.11808427577612196,pacers
192,2006-2007,0.0,clippers
193,2007-2008,0.0,clippers
194,2008-2009,0.0,clippers
195,2009-2010,0.0,clippers
196,2010-2011,0.12254429014604497,clippers
197,2011-2012,0.11959226902078611,clippers
198,2012-2013,0.10855102119555035,clippers
199,2013-2014,0.10606470813701353,clippers
200,2014-2015,0.09754389255675625,clippers
201,2015-2016,0.10806787499766136,clippers
202,2016-2017,0.10715030718492648,clippers
203,2017-2018,0.11817567323487108,clippers
204,2018-2019,0.12005569587091479,clippers
205,2019-2020,0.10183796814523847,clippers
206,2020-2021,0.11691847920777218,clippers
207,2021-2022,0.1318191758885261,clippers
208,2006-2007,0.0,lakers
209,2007-2008,0.0,lakers
210,2008-2009,0.0,lakers
211,2009-2010,0.0,lakers
212,2010-2011,0.10957285603642823,lakers
213,2011-2012,0.11131902670876179,lakers
214,2012-2013,0.09609056173097055,lakers
215,2013-2014,0.1060728827659127,lakers
216,2014-2015,0.11680789941658432,lakers
217,2015-2016,0.116409943826472,lakers
218,2016-2017,0.11932329902897434,lakers
219,2017-2018,0.12058652530564654,lakers
220,2018-2019,0.11845522090626673,lakers
221,2019-2020,0.12826182638874647,lakers
222,2020-2021,0.13148852332995942,lakers
223,2021-2022,0.10387920531390336,lakers
224,2006-2007,0.0,grizzlies
225,2007-2008,0.0,grizzlies
226,2008-2009,0.0,grizzlies
227,2009-2010,0.0,grizzlies
228,2010-2011,0.14171360607658096,grizzlies
229,2011-2012,0.11101619727602965,grizzlies
230,2012-2013,0.11251255155920188,grizzlies
231,2013-2014,0.11710622401900964,grizzlies
232,2014-2015,0.13012894131080507,grizzlies
233,2015-2016,0.10868864331358395,grizzlies
234,2016-2017,0.12130725451730351,grizzlies
235,2017-2018,0.11402760647042204,grizzlies
236,2018-2019,0.11746441829150539,grizzlies
237,2019-2020,0.120459036742224,grizzlies
238,2020-2021,0.13066887783017622,grizzlies
239,2021-2022,0.12908292394771337,grizzlies
240,2006-2007,0.0,heat
241,2007-2008,0.0,heat
242,2008-2009,0.0,heat
243,2009-2010,0.0,heat
244,2010-2011,0.11535495922850515,heat
245,2011-2012,0.10408795451897972,heat
246,2012-2013,0.1158216395229665,heat
247,2013-2014,0.10923094256156145,heat
248,2014-2015,0.12197201721523011,heat
249,2015-2016,0.11314764019507703,heat
250,2016-2017,0.12062857174210129,heat
251,2017-2018,0.11327924113870927,heat
252,2018-2019,0.12246011298768804,heat
253,2019-2020,0.13295605579949787,heat
254,2020-2021,0.12642383260990453,heat
255,2021-2022,0.12263620041084251,heat
256,2006-2007,0.0,bucks
257,2007-2008,0.0,bucks
258,2008-2009,0.0,bucks
259,2009-2010,0.0,bucks
260,2010-2011,0.10738911337632451,bucks
261,2011-2012,0.0968811265022241,bucks
262,2012-2013,0.09933746361902127,bucks
263,2013-2014,0.10961538118952258,bucks
264,2014-2015,0.1182358866412115,bucks
265,2015-2016,0.10846930709169494,bucks
266,2016-2017,0.11816791124408897,bucks
267,2017-2018,0.12084706778653713,bucks
268,2018-2019,0.12638714097317466,bucks
269,2019-2020,0.124944113450729,bucks
270,2020-2021,0.12565825069382822,bucks
271,2021-2022,0.13345878585842372,bucks
272,2006-2007,0.0,timberwolves
273,2007-2008,0.0,timberwolves
274,2008-2009,0.0,timberwolves
275,2009-2010,0.0,timberwolves
276,2010-2011,0.14623886926015223,timberwolves
277,2011-2012,0.1214988159397451,timberwolves
278,2012-2013,0.1193783914060477,timberwolves
279,2013-2014,0.13397285318794297,timberwolves
280,2014-2015,0.1267197628948984,timberwolves
281,2015-2016,0.12439122479134924,timberwolves
282,2016-2017,0.11373585975719784,timberwolves
283,2017-2018,0.10255966825475396,timberwolves
284,2018-2019,0.10314028264956594,timberwolves
285,2019-2020,0.11211178382613937,timberwolves
286,2020-2021,0.10468212583779267,timberwolves
287,2021-2022,0.1153973834160704,timberwolves
288,2006-2007,0.0,pelicans
289,2007-2008,0.0,pelicans
290,2008-2009,0.0,pelicans
291,2009-2010,0.0,pelicans
292,2010-2011,0.0,pelicans
293,2011-2012,0.0,pelicans
294,2012-2013,0.1300862128080241,pelicans
295,2013-2014,0.11776197152318484,pelicans
296,2014-2015,0.1188493307782475,pelicans
297,2015-2016,0.11592111335033253,pelicans
298,2016-2017,0.11290691400430315,pelicans
299,2017-2018,0.12759605045755865,pelicans
300,2018-2019,0.12498454676149809,pelicans
301,2019-2020,0.12401362006664847,pelicans
302,2020-2021,0.1102866361451065,pelicans
303,2021-2022,0.1374750526114628,pelicans
304,2006-2007,0.0,knicks
305,2007-2008,0.0,knicks
306,2008-2009,0.0,knicks
307,2009-2010,0.0,knicks
308,2010-2011,0.11492075314611795,knicks
309,2011-2012,0.1020573332998699,knicks
310,2012-2013,0.10675603975235506,knicks
311,2013-2014,0.10936929144183688,knicks
312,2014-2015,0.11433749691537937,knicks
313,2015-2016,0.13342672654294346,knicks
314,2016-2017,0.10994135331371511,knicks
315,2017-2018,0.11256396442097105,knicks
316,2018-2019,0.10208615507757537,knicks
317,2019-2020,0.11527657154699704,knicks
318,2020-2021,0.12417449122149113,knicks
319,2021-2022,0.11479460321360559,knicks
320,2006-2007,0.0,thunder
321,2007-2008,0.0,thunder
322,2008-2009,0.0,thunder
323,2009-2010,0.0,thunder
324,2010-2011,0.1479887157583034,thunder
325,2011-2012,0.10918255372840127,thunder
326,2012-2013,0.11805706046509934,thunder
327,2013-2014,0.11906247190751988,thunder
328,2014-2015,0.1265826191290601,thunder
329,2015-2016,0.11587483131190593,thunder
330,2016-2017,0.1116436979154869,thunder
331,2017-2018,0.11673429374485564,thunder
332,2018-2019,0.10883928737534343,thunder
333,2019-2020,0.11931712417586311,thunder
334,2020-2021,0.1131038056632533,thunder
335,2021-2022,0.1202689680021194,thunder
336,2006-2007,0.0,magic
337,2007-2008,0.0,magic
338,2008-2009,0.0,magic
339,2009-2010,0.0,magic
340,2010-2011,0.2553879362755077,magic
341,2011-2012,0.2540926522858211,magic
342,2012-2013,0.27390640985829745,magic
343,2013-2014,0.29058777291114224,magic
344,2014-2015,0.28803422913172283,magic
345,2015-2016,0.2750905617863969,magic
346,2016-2017,0.27735797186701006,magic
347,2017-2018,0.2750845400887907,magic
348,2018-2019,0.280038751199633,magic
349,2019-2020,0.27665488528893073,magic
350,2020-2021,0.2852256662264038,magic
351,2021-2022,0.27733750276101565,magic
352,2006-2007,0.0,sixers
353,2007-2008,0.0,sixers
354,2008-2009,0.0,sixers
355,2009-2010,0.0,sixers
356,2010-2011,0.15175711556340857,sixers
357,2011-2012,0.13189988429567576,sixers
358,2012-2013,0.09080600895634587,sixers
359,2013-2014,0.10166486648068469,sixers
360,2014-2015,0.10394510798818828,sixers
361,2015-2016,0.10632023880670338,sixers
362,2016-2017,0.11512476528065749,sixers
363,2017-2018,0.11711339116743313,sixers
364,2018-2019,0.11408840994496441,sixers
365,2019-2020,0.12153398022355982,sixers
366,2020-2021,0.09346830149377629,sixers
367,2021-2022,0.10811771573063465,sixers
368,2006-2007,0.0,suns
369,2007-2008,0.0,suns
370,2008-2009,0.0,suns
371,2009-2010,0.0,suns
372,2010-2011,0.08097748565178989,suns
373,2011-2012,0.10866099863788238,suns
374,2012-2013,0.09749317563349542,suns
375,2013-2014,0.11084780011936045,suns
376,2014-2015,0.10454896170708335,suns
377,2015-2016,0.11266031228951527,suns
378,2016-2017,0.11194829014324047,suns
379,2017-2018,0.11529636710980574,suns
380,2018-2019,0.11022025151890087,suns
381,2019-2020,0.13333865196314149,suns
382,2020-2021,0.1331753654909442,suns
383,2021-2022,0.10737038409918521,suns
384,2006-2007,0.0,blazers
385,2007-2008,0.0,blazers
386,2008-2009,0.0,blazers
387,2009-2010,0.0,blazers
388,2010-2011,0.10668971830531938,blazers
389,2011-2012,0.09691198307843067,blazers
390,2012-2013,0.10626908742326707,blazers
391,2013-2014,0.11375350317779548,blazers
392,2014-2015,0.10839255727259471,blazers
393,2015-2016,0.12437663930902855,blazers
394,2016-2017,0.11386629916378953,blazers
395,2017-2018,0.11143212730215481,blazers
396,2018-2019,0.12480257156109607,blazers
397,2019-2020,0.1341286157109129,blazers
398,2020-2021,0.1177149508119151,blazers
399,2021-2022,0.12088158676269162,blazers
400,2006-2007,0.0,kings
401,2007-2008,0.0,kings
402,2008-2009,0.0,kings
403,2009-2010,0.0,kings
404,2010-2011,0.11455393508214276,kings
405,2011-2012,0.09260063643721353,kings
406,2012-2013,0.08769145509811027,kings
407,2013-2014,0.10849962150744408,kings
408,2014-2015,0.10413129851667295,kings
409,2015-2016,0.09238829884467883,kings
410,2016-2017,0.10998373224495676,kings
411,2017-2018,0.09334739106704296,kings
412,2018-2019,0.11891516573888533,kings
413,2019-2020,0.11104915412566345,kings
414,2020-2021,0.10652055738327212,kings
415,2021-2022,0.1080887547343697,kings
416,2006-2007,0.0,spurs
417,2007-2008,0.0,spurs
418,2008-2009,0.0,spurs
419,2009-2010,0.0,spurs
420,2010-2011,0.11388794162403719,spurs
421,2011-2012,0.1233105076208243,spurs
422,2012-2013,0.11531656891568273,spurs
423,2013-2014,0.13355560901720276,spurs
424,2014-2015,0.1194621678714449,spurs
425,2015-2016,0.13392532855548755,spurs
426,2016-2017,0.12817104319514086,spurs
427,2017-2018,0.12022213371099752,spurs
428,2018-2019,0.12555168829728286,spurs
429,2019-2020,0.1333080323578892,spurs
430,2020-2021,0.1274033578086575,spurs
431,2021-2022,0.13474196066843225,spurs
432,2006-2007,0.0,raptors
433,2007-2008,0.0,raptors
434,2008-2009,0.0,raptors
435,2009-2010,0.0,raptors
436,2010-2011,0.10524123251446894,raptors
437,2011-2012,0.11121901631325345,raptors
438,2012-2013,0.11345401996046035,raptors
439,2013-2014,0.11607107404260826,raptors
440,2014-2015,0.1001802921611214,raptors
441,2015-2016,0.12068859649736198,raptors
442,2016-2017,0.109889917761342,raptors
443,2017-2018,0.12655370306667924,raptors
444,2018-2019,0.12789293441344696,raptors
445,2019-2020,0.12133375074940811,raptors
446,2020-2021,0.12282411566186734,raptors
447,2021-2022,0.12986973398913496,raptors
448,2006-2007,0.0,jazz
449,2007-2008,0.0,jazz
450,2008-2009,0.0,jazz
451,2009-2010,0.0,jazz
452,2010-2011,0.12242700341273602,jazz
453,2011-2012,0.10606048563168728,jazz
454,2012-2013,0.1129468246714363,jazz
455,2013-2014,0.1090496218783481,jazz
456,2014-2015,0.12456657788245663,jazz
457,2015-2016,0.1372442002236417,jazz
458,2016-2017,0.1226033421912694,jazz
459,2017-2018,0.132168939223795,jazz
460,2018-2019,0.13320938207120397,jazz
461,2019-2020,0.1329203133219651,jazz
462,2020-2021,0.12209332230856738,jazz
463,2021-2022,0.12064011978741578,jazz
464,2006-2007,0.0,wizards
465,2007-2008,0.0,wizards
466,2008-2009,0.0,wizards
467,2009-2010,0.0,wizards
468,2010-2011,0.1043333194718698,wizards
469,2011-2012,0.08933692848282547,wizards
470,2012-2013,0.12185469151938581,wizards
471,2013-2014,0.13053032751953172,wizards
472,2014-2015,0.12300326190140883,wizards
473,2015-2016,0.10225668657570436,wizards
474,2016-2017,0.1133125895442118,wizards
475,2017-2018,0.12421778031699442,wizards
476,2018-2019,0.09923589324174766,wizards
477,2019-2020,0.12198675897412987,wizards
478,2020-2021,0.11522013049634347,wizards
479,2021-2022,0.10625541120318178,wizards
